Title, qhy600window
Comment, 
Date, 2021-08-16 9:38:19 AM 
Operator, 
System Name, Undefined
Wavelength(nm),Baseline,Wavelength(nm),wind1 1,Wavelength(nm),wind1 2,
190,79.0944123314065,190,6.32271272442608E-03,190,6.51979135519657E-03,
191,78.6637254902434,191,4.76210479889047E-03,191,4.50769051296042E-03,
192,78.5847046900301,192,4.10723900959528E-03,192,3.92967100978376E-03,
193.000000000001,78.3495902841459,193.000000000001,3.1270631774097E-03,193.000000000001,3.01962342180809E-03,
194.000000000001,78.1173785145466,194.000000000001,2.4320710144254E-03,194.000000000001,2.33551698829587E-03,
195.000000000001,77.9717343741249,195.000000000001,2.20633154115802E-03,195.000000000001,2.09607355006784E-03,
196.000000000001,77.8043716380585,196.000000000001,1.77067363253573E-03,196.000000000001,1.7403741819107E-03,
197.000000000002,77.5745506097096,197.000000000002,1.60056838686435E-03,197.000000000002,1.60119861477648E-03,
198.000000000002,77.3629140320504,198.000000000002,1.42549666011929E-03,198.000000000002,1.46447717735288E-03,
199.000000000002,77.1870543269657,199.000000000002,1.3000460306301E-03,199.000000000002,1.32580708866472E-03,
200.000000000002,77.0203620558193,200.000000000002,1.23284184706773E-03,200.000000000002,1.20661487967257E-03,
201.000000000003,76.7916081719176,201.000000000003,1.17146270345788E-03,201.000000000003,1.14901115794847E-03,
202.000000000003,76.6489015039561,202.000000000003,1.0465131582795E-03,202.000000000003,1.06976904892106E-03,
203.000000000003,76.5150659395603,203.000000000003,9.77621046963211E-04,203.000000000003,9.73344253988391E-04,
204.000000000003,76.3661487643712,204.000000000003,9.38644637201528E-04,204.000000000003,9.06391834882679E-04,
205.000000000003,76.2256360377978,205.000000000003,8.92452247192571E-04,205.000000000003,8.67063068223861E-04,
206.000000000004,76.1484835752355,206.000000000004,8.01296471623303E-04,206.000000000004,8.17085939131026E-04,
207.000000000004,76.0434352864708,207.000000000004,8.07226067633516E-04,207.000000000004,7.8619196904156E-04,
208.000000000004,75.9228063109865,208.000000000004,7.77598850162692E-04,208.000000000004,7.87979674674913E-04,
209.000000000004,75.8308895873213,209.000000000004,7.3608241440814E-04,209.000000000004,7.71441452731355E-04,
210.000000000005,75.7623826284906,210.000000000005,7.07823726800134E-04,210.000000000005,7.26327886181772E-04,
211.000000000005,75.6869435514885,211.000000000005,7.09325701798598E-04,211.000000000005,6.69103364912667E-04,
212.000000000005,75.6136734413437,212.000000000005,6.4513175249815E-04,212.000000000005,6.5569185732418E-04,
213.000000000005,75.5510056910626,213.000000000005,6.5004688554353E-04,213.000000000005,6.33195610980451E-04,
214.000000000005,75.5031566561818,214.000000000005,6.50675082542792E-04,214.000000000005,6.0631130016079E-04,
215.000000000006,75.4605752663291,215.000000000006,6.28078256614224E-04,215.000000000006,5.86618849809687E-04,
216.000000000006,75.4113658860583,216.000000000006,5.91459071864829E-04,216.000000000006,5.85665958457358E-04,
217.000000000006,75.3676471738714,217.000000000006,5.98636632621472E-04,217.000000000006,5.97263334400529E-04,
218.000000000006,75.3422278062838,218.000000000006,5.92831859437944E-04,218.000000000006,5.63315121483019E-04,
219.000000000007,75.3158163514014,219.000000000007,5.72372294361282E-04,219.000000000007,5.41951808091898E-04,
220.000000000007,75.2857592075124,220.000000000007,5.46181223261784E-04,220.000000000007,5.41308186499691E-04,
221.000000000007,75.2536572899257,221.000000000007,5.29225894244622E-04,221.000000000007,5.48724067995715E-04,
222.000000000007,75.2201968254291,222.000000000007,5.50493693258077E-04,222.000000000007,5.19068583152236E-04,
223.000000000008,75.1849713447194,223.000000000008,3.79397510912267E-03,223.000000000008,5.34953361470209E-04,
224.000000000008,75.1605619918573,224.000000000008,2.73163133337703E-03,224.000000000008,5.47683385620087E-04,
225.000000000008,75.1396983413246,225.000000000008,1.97875348997487E-03,225.000000000008,5.35974921896111E-04,
226.000000000008,75.1150516841849,226.000000000008,4.96874749966873E-03,226.000000000008,1.07011803913301E-03,
227.000000000008,75.0903029240273,227.000000000008,4.92594733264961E-03,227.000000000008,4.62168842192649E-03,
228.000000000009,75.0841852985245,228.000000000009,4.88082932516575E-03,228.000000000009,4.87018960564641E-03,
229.000000000009,75.0763753453092,229.000000000009,4.83729194336109E-03,229.000000000009,4.82604769245868E-03,
230.000000000009,75.0658002506706,230.000000000009,4.79459966958129E-03,230.000000000009,4.78323719825748E-03,
231.000000000009,75.0563402629045,231.000000000009,4.7530869311793E-03,231.000000000009,4.7418195729394E-03,
232.00000000001,75.058017207425,232.00000000001,4.71663335422737E-03,232.00000000001,4.70500147304947E-03,
233.00000000001,75.0664593045651,233.00000000001,4.68479239375504E-03,233.00000000001,4.67291373671151E-03,
234.00000000001,75.0772621113813,234.00000000001,4.66265969742192E-03,234.00000000001,4.6516037286584E-03,
235.00000000001,75.083138311937,235.00000000001,4.65251233928454E-03,235.00000000001,4.64116631881502E-03,
236.00000000001,75.0852781190266,236.00000000001,4.6551671950258E-03,236.00000000001,4.64221544814099E-03,
237.000000000011,75.0975208609677,237.000000000011,4.67016983021539E-03,237.000000000011,4.65726346441831E-03,
238.000000000011,75.0984172844199,238.000000000011,4.70053161585289E-03,238.000000000011,4.68745946272283E-03,
239.000000000011,75.1029916844972,239.000000000011,4.74091823324567E-03,239.000000000011,4.72872761384792E-03,
240.000000000011,75.108807315577,240.000000000011,3.06996232269008E-03,240.000000000011,4.77991301078132E-03,
241.000000000012,75.1158753479781,241.000000000012,1.40918232235474E-03,241.000000000012,4.83995508712274E-03,
242.000000000012,75.1270796658565,242.000000000012,4.92176350428843E-03,242.000000000012,4.90785694778765E-03,
243.000000000012,75.1284570660535,243.000000000012,5.00446275464251E-03,243.000000000012,4.9885943283732E-03,
244.000000000012,75.1345343010891,244.000000000012,5.09316116247712E-03,244.000000000012,5.07803939502001E-03,
245.000000000013,75.1420780146092,245.000000000013,5.18947978283959E-03,245.000000000013,5.17371118011975E-03,
246.000000000013,75.1450908880648,246.000000000013,5.29236264119439E-03,246.000000000013,5.27521834610215E-03,
247.000000000013,75.1329384678371,247.000000000013,5.40183436043349E-03,247.000000000013,5.38518071788502E-03,
248.000000000013,75.1360451355534,248.000000000013,5.51765695903768E-03,248.000000000013,5.50243968735719E-03,
249.000000000013,75.1351222566137,249.000000000013,2.76328266652551E-03,249.000000000013,5.6249455554976E-03,
250.000000000014,75.1377106323078,250.000000000014,2.47384683404509E-03,250.000000000014,3.87366325835502E-03,
251.000000000014,75.143868306042,251.000000000014,5.02365750523018E-03,251.000000000014,1.50155692528864E-03,
252.000000000014,75.1374261621857,252.000000000014,8.0430905220951E-04,252.000000000014,5.87970391509164E-03,
253.000000000014,75.136810823491,253.000000000014,5.00217078611089E-03,253.000000000014,6.1833287050038E-03,
254.000000000015,75.1392494430311,254.000000000015,6.3590416912189E-03,254.000000000015,2.96463872777827E-03,
255.000000000015,75.1379854321527,255.000000000015,4.17890362510027E-03,255.000000000015,3.00682599847819E-03,
256.000000000015,75.1356827338582,256.000000000015,1.92404547175604E-03,256.000000000015,6.6772189098478E-03,
257.000000000015,75.1454178024765,257.000000000015,6.82646224373131E-03,257.000000000015,6.85310716851668E-03,
258.000000000015,75.1472561506734,258.000000000015,1.86681629454044E-03,258.000000000015,7.03876443206744E-03,
259.000000000016,75.1345064710437,259.000000000016,7.60152696361495E-04,259.000000000016,7.23391068406844E-03,
260.000000000016,75.1290538244632,260.000000000016,3.71200303508821E-03,260.000000000016,7.43568362009931E-03,
261.000000000016,75.1342414493702,261.000000000016,7.66961811894545E-03,261.000000000016,7.64417381668987E-03,
262.000000000016,75.1393537724251,262.000000000016,7.88832581019068E-03,262.000000000016,7.86163051434919E-03,
263.000000000017,75.1262169962463,263.000000000017,8.12495121992454E-03,263.000000000017,8.09423363151377E-03,
264.000000000017,75.1141751158599,264.000000000017,3.37177693814181E-03,264.000000000017,3.38429556038235E-03,
265.000000000017,75.1072848396851,265.000000000017,4.57077826877543E-03,265.000000000017,4.57559620869501E-03,
266.000000000017,75.108493416298,266.000000000017,6.6409419119448E-03,266.000000000017,8.83619764855188E-03,
267.000000000018,75.1162594868647,267.000000000018,1.66362080586018E-03,267.000000000018,9.09667336187435E-03,
268.000000000018,75.1039924795253,268.000000000018,8.49014797519293E-03,268.000000000018,9.36385124256131E-03,
269.000000000018,75.1073685288852,269.000000000018,9.65934739680582E-03,269.000000000018,9.62602077501072E-03,
270.000000000018,75.1095256393484,270.000000000018,9.92282252949103E-03,270.000000000018,0.005371909400473,
271.000000000018,75.1165676066605,271.000000000018,1.01791755635312E-02,271.000000000018,3.95935712168586E-03,
272.000000000019,75.1336781773885,272.000000000019,1.16812036573746E-02,272.000000000019,1.03891429084192E-02,
273.000000000019,75.1430041699248,273.000000000019,2.05330268945747E-02,273.000000000019,1.06199134880806E-02,
274.000000000019,75.1583366140671,274.000000000019,1.37096061753036E-02,274.000000000019,1.08215608592308E-02,
275.000000000019,75.156424439894,275.000000000019,1.70718374925793E-02,275.000000000019,1.10101680057209E-02,
276.00000000002,75.1637849119642,276.00000000002,0.0224420063756,276.00000000002,1.51147944800901E-02,
277.00000000002,75.1916208688887,277.00000000002,2.27505304200038E-02,277.00000000002,2.26852619362903E-02,
278.00000000002,75.2046428572714,278.00000000002,2.30451126262998E-02,278.00000000002,2.29717519210599E-02,
279.00000000002,75.2385235634763,279.00000000002,2.32991698641536E-02,279.00000000002,2.32177343145495E-02,
280.00000000002,75.2632629826175,280.00000000002,2.35390395632314E-02,280.00000000002,2.34505019510889E-02,
281.000000000021,75.2833267190363,281.000000000021,2.75800208198702E-02,281.000000000021,2.36755622004559E-02,
282.000000000021,75.3038454307802,282.000000000021,3.59638577583486E-02,282.000000000021,2.38967700811019E-02,
283.000000000021,75.3263044988397,283.000000000021,3.62871649061157E-02,283.000000000021,2.41160110234228E-02,
284.000000000021,75.35203049758,284.000000000021,3.65997986982187E-02,284.000000000021,3.25250679218107E-02,
285.000000000022,75.3773927046492,285.000000000022,4.81948444189816E-02,285.000000000022,4.24073718201234E-02,
286.000000000022,75.4072343455713,286.000000000022,6.49325438615385E-02,286.000000000022,5.54087579965992E-02,
287.000000000022,75.4486515183957,287.000000000022,7.58156396987783E-02,287.000000000022,7.52348069852519E-02,
288.000000000022,75.4930924869667,288.000000000022,0.106323122274922,288.000000000022,9.56763610436269E-02,
289.000000000023,75.5148531501412,289.000000000023,0.145088387273925,289.000000000023,0.140001542163403,
290.000000000023,75.5394272901283,290.000000000023,0.202590966569237,290.000000000023,0.20191436109446,
291.000000000023,75.5715986012478,291.000000000023,0.286054141037058,291.000000000023,0.285168165480898,
292.000000000023,75.6030585940422,292.000000000023,0.40063000990649,292.000000000023,0.399174816278737,
293.000000000023,75.6290943977061,293.000000000023,0.564742426984655,293.000000000023,0.552310957021965,
294.000000000024,75.6600566159056,294.000000000024,0.770038216474146,294.000000000024,0.754683241920233,
295.000000000024,75.6870093360119,295.000000000024,1.03762747538958,295.000000000024,1.01556262157144,
296.000000000024,75.7068303899983,296.000000000024,1.37274134915552,296.000000000024,1.34562863298263,
297.000000000024,75.7203732870158,297.000000000024,1.7735269960202,297.000000000024,1.75414684042484,
298.000000000025,75.7381820707317,298.000000000025,2.29351620969173,298.000000000025,2.26241320538729,
299.000000000025,75.7593845094775,299.000000000025,2.88392856099721,299.000000000025,2.84942297578356,
300.000000000025,75.773979496161,300.000000000025,3.57949624587041,300.000000000025,3.5364397106167,
301.000000000025,75.7848353305174,301.000000000025,4.38759169042203,301.000000000025,4.32762247747111,
302.000000000025,75.7994699225386,302.000000000025,5.30093655995282,302.000000000025,5.21827014620636,
303.000000000026,75.8155027454719,303.000000000026,6.34115114727136,303.000000000026,6.24355690078768,
304.000000000026,75.831755577598,304.000000000026,7.48231143213824,304.000000000026,7.36817427764355,
305.000000000026,75.8511193850975,305.000000000026,8.71627161690903,305.000000000026,8.58521579246981,
306.000000000026,75.8761555325082,306.000000000026,10.0316984533346,306.000000000026,9.87921050273305,
307.000000000027,75.90922818658,307.000000000027,11.4174622051518,307.000000000027,11.2360584448279,
308.000000000027,75.9541324473488,308.000000000027,12.9099976229896,308.000000000027,12.7098020694239,
309.000000000027,75.988197286621,309.000000000027,14.4522414257817,309.000000000027,14.2119286773415,
310.000000000027,76.0294490611602,310.000000000027,16.0476479325336,310.000000000027,15.7846123077149,
311.000000000028,76.0722402122082,311.000000000028,17.6932467501931,311.000000000028,17.4110877851895,
312.000000000028,76.1085674397796,312.000000000028,19.3847033464658,312.000000000028,19.066259125035,
313.000000000028,76.154974437504,313.000000000028,21.138442891368,313.000000000028,20.7903461895882,
314.000000000028,76.2013865283048,314.000000000028,22.8918320908817,314.000000000028,22.5111732289565,
315.000000000028,76.2299587724887,315.000000000028,24.6824336841531,315.000000000028,24.2661001696569,
316.000000000029,76.2533286999021,316.000000000029,26.480522816829,316.000000000029,26.0263084641505,
317.000000000029,76.2863340381629,317.000000000029,28.2567363939507,317.000000000029,27.7649858712028,
318.000000000029,76.3214548118803,318.000000000029,30.0539602440624,318.000000000029,29.5333556454917,
319.000000000029,76.3487254103058,319.000000000029,31.8037603634063,319.000000000029,31.2537875806812,
320.00000000003,76.3774502277327,320.00000000003,33.5475373646025,320.00000000003,32.9599028492424,
321.00000000003,76.4052711947235,321.00000000003,35.2688429769035,321.00000000003,34.6454442058184,
322.00000000003,76.4305830513361,322.00000000003,36.9532176086022,322.00000000003,36.3055969207108,
323.00000000003,76.4618236539101,323.00000000003,38.6246248177016,323.00000000003,37.9612861355399,
324.00000000003,76.4925077819986,324.00000000003,40.2181709179849,324.00000000003,39.5246352811386,
325.000000000031,76.5211945741461,325.000000000031,41.7971474170297,325.000000000031,41.0686593622465,
326.000000000031,76.5471886580055,326.000000000031,43.3473137182422,326.000000000031,42.5892729669546,
327.000000000031,76.575426414328,327.000000000031,44.8606447341124,327.000000000031,44.0823896305999,
328.000000000031,76.6272256904036,328.000000000031,46.3740091437773,328.000000000031,45.5713286352055,
329.000000000032,76.6382990554798,329.000000000032,47.9963306506877,329.000000000032,47.1318569574196,
330.000000000032,76.6707315104647,330.000000000032,49.4564381106171,330.000000000032,48.5663400611524,
331.000000000032,76.7022275019913,331.000000000032,50.8187083819935,331.000000000032,49.9200788939401,
332.000000000032,76.7213809758567,332.000000000032,52.1547626693886,332.000000000032,51.2382206098528,
333.000000000033,76.7637935208722,333.000000000033,53.4596334595445,333.000000000033,52.4955531420144,
334.000000000033,76.7925492032324,334.000000000033,54.7175079235675,334.000000000033,53.755706421862,
335.000000000033,76.8206166519564,335.000000000033,55.9973478444066,335.000000000033,55.0189967245643,
336.000000000033,76.8383501232838,336.000000000033,57.2597465346613,336.000000000033,56.2475926673508,
337.000000000033,76.8528506279336,337.000000000033,58.4572836481,337.000000000033,57.417486637056,
338.000000000034,76.891622548527,338.000000000034,59.553339057127,338.000000000034,58.5292390340123,
339.000000000034,76.9095207351249,339.000000000034,60.6652887224313,339.000000000034,59.6105751473758,
340.000000000034,76.9177233744616,340.000000000034,61.7860317656221,340.000000000034,60.692387617498,
341.000000000034,76.9420179097118,341.000000000034,62.8240552417482,341.000000000034,61.7002006944973,
342.000000000035,76.9738284742722,342.000000000035,63.7916715251765,342.000000000035,62.6521182809286,
343.000000000035,76.9947412577118,343.000000000035,64.7450140684076,343.000000000035,63.6006561370891,
344.000000000035,77.0286734327695,344.000000000035,65.678287912448,344.000000000035,64.5198892761461,
345.000000000035,77.0375262483306,345.000000000035,66.6107237438605,345.000000000035,65.4688826020608,
346.000000000035,77.0457962025094,346.000000000035,67.5036790268352,346.000000000035,66.3416047329264,
347.000000000036,77.0605398272,347.000000000036,68.3721133939643,347.000000000036,67.1677292482817,
348.000000000036,77.0833140944588,348.000000000036,69.2273476859289,348.000000000036,67.9800509920155,
349.000000000036,77.1070339023332,349.000000000036,70.0393570828526,349.000000000036,68.7588388731053,
350.000000000036,77.1215587613452,350.000000000036,70.8023668811975,350.000000000036,69.5555615339078,
351.000000000037,77.130673088342,351.000000000037,71.581479501522,351.000000000037,70.3233296893034,
352.000000000037,77.1463695208394,352.000000000037,72.347203462874,352.000000000037,71.0631073715396,
353.000000000037,77.179132793598,353.000000000037,73.0535732981616,353.000000000037,71.7870598792027,
354.000000000037,77.1885414344837,354.000000000037,73.7638964385177,354.000000000037,72.4731022775439,
355.000000000038,77.198339160909,355.000000000038,74.4832291773665,355.000000000038,73.1622325431181,
356.000000000038,77.2066222303833,356.000000000038,75.1780783454353,356.000000000038,73.8509032955203,
357.000000000038,77.217038173748,357.000000000038,75.8391345350538,357.000000000038,74.5192298220902,
358.000000000038,77.2372528969426,358.000000000038,76.4719056469465,358.000000000038,75.1344386614824,
359.000000000038,77.2384796809448,359.000000000038,77.0716264269536,359.000000000038,75.7552646458188,
360.000000000039,77.310819592107,360.000000000039,77.7646425224808,360.000000000039,76.4416893151723,
361.000000000039,77.3675228600895,361.000000000039,78.4235774110612,361.000000000039,77.0890683742092,
362.000000000039,77.3843161313743,362.000000000039,79.002802343855,362.000000000039,77.6660892761792,
363.000000000039,77.4288847795986,363.000000000039,79.5735567869307,363.000000000039,78.2481276253259,
364.00000000004,77.4413680396731,364.00000000004,80.1747769926783,364.00000000004,78.8175714294761,
365.00000000004,77.4478553867342,365.00000000004,80.7483961062589,365.00000000004,79.3916578794294,
366.00000000004,77.4637693495257,366.00000000004,81.2991795986661,366.00000000004,79.9367465978705,
367.00000000004,77.4904177907739,367.00000000004,81.8439302958767,367.00000000004,80.4621298873784,
368.00000000004,77.5077757634617,368.00000000004,82.4144980783126,368.00000000004,81.0493890470514,
369.000000000041,77.5244800575143,369.000000000041,82.9180549974002,369.000000000041,81.5502722641026,
370.000000000041,77.5579172778691,370.000000000041,83.4259140990224,370.000000000041,82.0273457437522,
371.000000000041,77.5877180565326,371.000000000041,83.8965504517505,371.000000000041,82.5157951323893,
372.000000000041,77.6026403787961,372.000000000041,84.3300689490201,372.000000000041,83.0080150364188,
373.000000000042,77.6068811818432,373.000000000042,84.7966471160923,373.000000000042,83.4314243229081,
374.000000000042,77.6446550534967,374.000000000042,85.1987620745439,374.000000000042,83.8547624733715,
375.000000000042,77.6521933574581,375.000000000042,85.6774122117051,375.000000000042,84.3333397795788,
376.000000000042,77.647198522398,376.000000000042,86.1241083716297,376.000000000042,84.7710216597445,
377.000000000043,77.6541150359333,377.000000000043,86.4977367676295,377.000000000043,85.1480500394276,
378.000000000043,77.7043067051402,378.000000000043,86.8673760506831,378.000000000043,85.5641544069487,
379.000000000043,77.713481265827,379.000000000043,87.2557456991471,379.000000000043,85.9815970964318,
380.000000000043,77.7631938989488,380.000000000043,87.6544174824033,380.000000000043,86.362624600762,
381.000000000043,77.7951772254023,381.000000000043,88.0737421512492,381.000000000043,86.7531229949735,
382.000000000044,77.8019798855944,382.000000000044,88.5034471924766,382.000000000044,87.1788502732962,
383.000000000044,77.8546109328798,383.000000000044,88.9029282058485,383.000000000044,87.6351439762731,
384.000000000044,77.8609253093523,384.000000000044,89.3200471161862,384.000000000044,88.0006162162889,
385.000000000044,77.8980714206963,385.000000000044,89.7253227551263,385.000000000044,88.4046342854415,
386.000000000045,77.9092133523219,386.000000000045,90.1236137553689,386.000000000045,88.8288204701044,
387.000000000045,77.8897279360956,387.000000000045,90.5278062795913,387.000000000045,89.2556247819852,
388.000000000045,77.9105211176803,388.000000000045,90.9604424968297,388.000000000045,89.674760041324,
389.000000000045,77.9756780634306,389.000000000045,91.2958964758427,389.000000000045,90.0665025583089,
390.000000000045,77.9393730410404,390.000000000045,91.6696531653769,390.000000000045,90.3894915043393,
391.000000000046,77.9050622949682,391.000000000046,91.9949158528146,391.000000000046,90.7249467128559,
392.000000000046,77.9354303144047,392.000000000046,92.2641437286745,392.000000000046,91.0791357018155,
393.000000000046,78.041756040959,393.000000000046,92.5611209300296,393.000000000046,91.3737812350093,
394.000000000046,78.0202853922773,394.000000000046,92.8836577674731,394.000000000046,91.7255959857064,
395.000000000047,78.0557258017627,395.000000000047,93.1626689447944,395.000000000047,92.0082894120747,
396.000000000047,78.0677264349857,396.000000000047,93.4495122526124,396.000000000047,92.2905844551041,
397.000000000047,78.0505634816826,397.000000000047,93.7561957019085,397.000000000047,92.5846455699332,
398.000000000047,78.0664747669698,398.000000000047,94.0584884957971,398.000000000047,92.8525680607294,
399.000000000048,78.1751141195974,399.000000000048,94.3243513751706,399.000000000048,93.1362053200937,
400.000000000048,78.1396097042526,400.000000000048,94.5867478111201,400.000000000048,93.4088043026794,
401.000000000048,78.1009677848614,401.000000000048,94.8307386594059,401.000000000048,93.6773049501068,
402.000000000048,78.085557291258,402.000000000048,95.0692938904085,402.000000000048,93.932633526927,
403.000000000048,78.0426454576904,403.000000000048,95.3290128474203,403.000000000048,94.1552722425345,
404.000000000049,78.0767971503344,404.000000000049,95.4623620936796,404.000000000049,94.348052731455,
405.000000000049,78.0758678023019,405.000000000049,95.6918894440452,405.000000000049,94.5781378727536,
406.000000000049,78.0717860926554,406.000000000049,95.9140158102261,406.000000000049,94.8124052944959,
407.000000000049,78.0368503630289,407.000000000049,96.1012459327979,407.000000000049,95.0361127100093,
408.00000000005,77.9296949076966,408.00000000005,96.2699780559541,408.00000000005,95.2411817363542,
409.00000000005,78.0269113092697,409.00000000005,96.4215395283379,409.00000000005,95.3578407923826,
410.00000000005,78.030580322202,410.00000000005,96.6154166852735,410.00000000005,95.5930581949728,
411.00000000005,78.0277482412278,411.00000000005,96.7524103449557,411.00000000005,95.7832979462031,
412.00000000005,78.0405889797548,412.00000000005,96.8830834351505,412.00000000005,95.9162102325638,
413.000000000051,78.0644089404545,413.000000000051,97.1000481167309,413.000000000051,96.0511582419935,
414.000000000051,78.1333866343838,414.000000000051,97.1623123063941,414.000000000051,96.2278554552261,
415.000000000051,78.1328617588196,415.000000000051,97.3515751513741,415.000000000051,96.4042046564493,
416.000000000051,78.1502885279305,416.000000000051,97.4935421002471,416.000000000051,96.5646864145848,
417.000000000052,78.1826375073683,417.000000000052,97.6011993625002,417.000000000052,96.6947081624599,
418.000000000052,78.1932840294237,418.000000000052,97.7449335148042,418.000000000052,96.7959002637861,
419.000000000052,78.1610451721798,419.000000000052,97.878977913127,419.000000000052,96.9690204679662,
420.000000000052,78.1624836055427,420.000000000052,97.998230979071,420.000000000052,97.0814476212494,
421.000000000053,78.2074098858963,421.000000000053,98.0941460173072,421.000000000053,97.2158228670346,
422.000000000053,78.2645150186147,422.000000000053,98.1879613660634,422.000000000053,97.3172062549637,
423.000000000053,78.3063557187658,423.000000000053,98.2998545191736,423.000000000053,97.3613222438899,
424.000000000053,78.3471077777622,424.000000000053,98.4264738016938,424.000000000053,97.5045814307164,
425.000000000053,78.3527521343157,425.000000000053,98.5032215868552,425.000000000053,97.5706456996354,
426.000000000054,78.3015564175596,426.000000000054,98.5731511502201,426.000000000054,97.6866506213601,
427.000000000054,78.3463432321024,427.000000000054,98.6137437905516,427.000000000054,97.773746542995,
428.000000000054,78.45348637124,428.000000000054,98.6394423323012,428.000000000054,97.8088218723201,
429.000000000054,78.2837818325676,429.000000000054,98.7287189099977,429.000000000054,97.8833148507119,
430.000000000055,78.4771018819192,430.000000000055,98.7194248586047,430.000000000055,97.8795151939617,
431.000000000055,78.5138883558533,431.000000000055,98.8216054079924,431.000000000055,98.0582003264637,
432.000000000055,78.447843230766,432.000000000055,98.8931153741214,432.000000000055,98.1543023320364,
433.000000000055,78.4358968761453,433.000000000055,98.8969047949824,433.000000000055,98.140957597164,
434.000000000055,78.6559885662727,434.000000000055,98.8957899766038,434.000000000055,98.1880621345808,
435.000000000056,78.4208151492056,435.000000000056,99.0387193308495,435.000000000056,98.2603396069078,
436.000000000056,78.375901210755,436.000000000056,99.111550971049,436.000000000056,98.3152517843495,
437.000000000056,78.3835768224238,437.000000000056,99.1171682298108,437.000000000056,98.3505085769067,
438.000000000056,78.4183596205415,438.000000000056,99.0926001708372,438.000000000056,98.3873306915948,
439.000000000057,78.4806517258028,439.000000000057,99.0801040958048,439.000000000057,98.4394744068425,
440.000000000057,78.4434255838302,440.000000000057,99.0547825573738,440.000000000057,98.4125694487587,
441.000000000057,78.5079721097863,441.000000000057,99.1020409540705,441.000000000057,98.3701574983202,
442.000000000057,78.4597779978792,442.000000000057,99.1824522563456,442.000000000057,98.4442518590002,
443.000000000058,78.4310329738406,443.000000000058,99.230453481848,443.000000000058,98.522835508998,
444.000000000058,78.5167289924456,444.000000000058,99.2199546834382,444.000000000058,98.5246669189183,
445.000000000058,78.4892619271735,445.000000000058,99.2532229982229,445.000000000058,98.6124609520321,
446.000000000058,78.4878884865423,446.000000000058,99.2061158810483,446.000000000058,98.5608041308511,
447.000000000058,78.5012307443275,447.000000000058,99.1970271941216,447.000000000058,98.5295873874519,
448.000000000059,78.4875947891073,448.000000000059,99.1972117349792,448.000000000059,98.5666044023935,
449.000000000059,78.4639783957218,449.000000000059,99.1716043380354,449.000000000059,98.6272664987413,
450.000000000059,78.5354107478299,450.000000000059,99.0970319849395,450.000000000059,98.5506765179642,
451.000000000059,78.5915132234658,451.000000000059,99.4167123378518,451.000000000059,98.7946806202062,
452.00000000006,78.6007677906081,452.00000000006,99.487011329723,452.00000000006,98.8389316372497,
453.00000000006,78.5661157840715,453.00000000006,99.4914383076075,453.00000000006,98.8380000835413,
454.00000000006,78.5075921840869,454.00000000006,99.4976351163191,454.00000000006,98.8485567120588,
455.00000000006,78.4719257178753,455.00000000006,99.4529776542087,455.00000000006,98.8260887658462,
456.00000000006,78.4313725619723,456.00000000006,99.4471540407262,456.00000000006,98.8188053072456,
457.000000000061,78.3889487777008,457.000000000061,99.4283775855935,457.000000000061,98.8014778373681,
458.000000000061,78.3455268095047,458.000000000061,99.406270705789,458.000000000061,98.7888356773542,
459.000000000061,78.3004874050479,459.000000000061,99.3898644680555,459.000000000061,98.7890061212377,
460.000000000061,78.2467558458741,460.000000000061,99.370813841156,460.000000000061,98.7743522847654,
461.000000000062,78.196052867346,461.000000000062,99.3595669640897,461.000000000062,98.7559924702782,
462.000000000062,78.1487422243715,462.000000000062,99.3397318943116,462.000000000062,98.7291757624273,
463.000000000062,78.1028639717147,463.000000000062,99.3107570410275,463.000000000062,98.7036781916068,
464.000000000062,78.0553045789557,464.000000000062,99.2775432127931,464.000000000062,98.6927677484528,
465.000000000063,78.000683452389,465.000000000063,99.2522582315066,465.000000000063,98.663510876054,
466.000000000063,77.9527052303805,466.000000000063,99.2378078633828,466.000000000063,98.6542350387466,
467.000000000063,77.9138400036849,467.000000000063,99.2208585989989,467.000000000063,98.6304302970817,
468.000000000063,77.8868627107616,468.000000000063,99.193359299655,468.000000000063,98.5890899783335,
469.000000000063,77.8760773211865,469.000000000063,99.1496706192837,469.000000000063,98.5602240590221,
470.000000000064,77.8883335024499,470.000000000064,99.0994263524524,470.000000000064,98.5304714614896,
471.000000000064,77.9127307309819,471.000000000064,99.0802259180801,471.000000000064,98.5010913683912,
472.000000000064,77.9569705120944,472.000000000064,99.0558758559627,472.000000000064,98.4711548723182,
473.000000000064,78.0234181393302,473.000000000064,99.012991944578,473.000000000064,98.440928065723,
474.000000000065,78.1065427971513,474.000000000065,98.9762785011267,474.000000000065,98.4126897710455,
475.000000000065,78.1926434917765,475.000000000065,98.9538087618173,475.000000000065,98.3825839221056,
476.000000000065,78.2920520791625,476.000000000065,98.9200759017485,476.000000000065,98.3474733922531,
477.000000000065,78.3910945949279,477.000000000065,98.8901240897587,477.000000000065,98.3190069866165,
478.000000000065,78.4849349650176,478.000000000065,98.8652550868684,478.000000000065,98.2973227159989,
479.000000000066,78.5859077535324,479.000000000066,98.8191389001094,479.000000000066,98.2611765763262,
480.000000000066,78.6715741509149,480.000000000066,98.7923553815245,480.000000000066,98.2210166214011,
481.000000000066,78.7475235054204,481.000000000066,98.7607076020595,481.000000000066,98.181966103174,
482.000000000066,78.8135773571724,482.000000000066,98.7309562562111,482.000000000066,98.153261355741,
483.000000000067,78.8714499644134,483.000000000067,98.7040047638568,483.000000000067,98.1325056372159,
484.000000000067,78.9266632742586,484.000000000067,98.6653263164546,484.000000000067,98.0937254119396,
485.000000000067,78.9750665352879,485.000000000067,98.6345364434073,485.000000000067,98.0537284851778,
486.000000000067,79.0144904271593,486.000000000067,98.5972188051382,486.000000000067,98.0236995099519,
487.000000000068,79.0445077372508,487.000000000068,98.5691150483227,487.000000000068,97.9980543134715,
488.000000000068,79.0708102323494,488.000000000068,98.5506974219124,488.000000000068,97.9688109649362,
489.000000000068,79.1118601911097,489.000000000068,98.5048334347678,489.000000000068,97.9250081905607,
490.000000000068,79.1341579410395,490.000000000068,98.466800833367,490.000000000068,97.8947324681604,
491.000000000068,79.1510712020914,491.000000000068,98.4456098085171,491.000000000068,97.8731067564461,
492.000000000069,79.1680764066776,492.000000000069,98.4236066472802,492.000000000069,97.8420071547464,
493.000000000069,79.1866734556067,493.000000000069,98.3913429341642,493.000000000069,97.799317784035,
494.000000000069,79.201154936215,494.000000000069,98.3606430724923,494.000000000069,97.7790440353437,
495.000000000069,79.2105564292105,495.000000000069,98.3359678702034,495.000000000069,97.751169855706,
496.00000000007,79.2277451282156,496.00000000007,98.3050964927526,496.00000000007,97.7203928174473,
497.00000000007,79.2400072560672,497.00000000007,98.2815374987841,497.00000000007,97.6942537871582,
498.00000000007,79.2422058413234,498.00000000007,98.2702843601415,498.00000000007,97.6749704669172,
499.00000000007,79.248646275314,499.00000000007,98.2550945201632,499.00000000007,97.6535659097163,
500.00000000007,79.2585754465038,500.00000000007,98.2219900475208,500.00000000007,97.6252139711205,
501.000000000071,79.2718075673825,501.000000000071,98.1983127783988,501.000000000071,97.59770493095,
502.000000000071,79.2800494221269,502.000000000071,98.1772774443036,502.000000000071,97.5708109641213,
503.000000000071,79.282182991129,503.000000000071,98.1538046510192,503.000000000071,97.5448220763268,
504.000000000071,79.2933044664629,504.000000000071,98.1318243244061,504.000000000071,97.5226044165194,
505.000000000072,79.2953809606525,505.000000000072,98.1035144690704,505.000000000072,97.4941291498437,
506.000000000072,79.2971345637226,506.000000000072,98.0867868755406,506.000000000072,97.4778093819544,
507.000000000072,79.3032062864715,507.000000000072,98.0644458779105,507.000000000072,97.4552834115119,
508.000000000072,79.3128628888381,508.000000000072,98.0333357927477,508.000000000072,97.4218889944296,
509.000000000073,79.3147668254911,509.000000000073,98.02560356115,509.000000000073,97.4075190230012,
510.000000000073,79.3155382195212,510.000000000073,98.0097366325508,510.000000000073,97.389705082218,
511.000000000073,79.3174483893846,511.000000000073,97.9914876328931,511.000000000073,97.3674537766592,
512.000000000073,79.3178416818412,512.000000000073,97.9771436941045,512.000000000073,97.3492871168483,
513.000000000072,79.3161666422447,513.000000000072,97.9682023055723,513.000000000072,97.338251512169,
514.000000000071,79.3169326147236,514.000000000071,97.9564454857418,514.000000000071,97.3249932443368,
515.00000000007,79.3260217065486,515.00000000007,97.9242696584266,515.00000000007,97.2886082500205,
516.00000000007,79.3262223513354,516.00000000007,97.9122135738116,516.00000000007,97.2764694538759,
517.000000000069,79.3223339584143,517.000000000069,97.9081322043663,517.000000000069,97.2683347310111,
518.000000000068,79.3201322641746,518.000000000068,97.8990423576455,518.000000000068,97.2493878059586,
519.000000000067,79.3242547706253,519.000000000067,97.8778064486124,519.000000000067,97.2258060465067,
520.000000000066,79.3115999860703,520.000000000066,97.8765031206911,520.000000000066,97.2263898823589,
521.000000000065,79.3155110153372,521.000000000065,97.8600259972893,521.000000000065,97.2173473448126,
522.000000000064,79.3167325226306,522.000000000064,97.8515723937801,522.000000000064,97.2089471892277,
523.000000000063,79.30835022719,523.000000000063,97.8573404047027,523.000000000063,97.2037206007539,
524.000000000062,79.3171888765893,524.000000000062,97.8393958231727,524.000000000062,97.180889773083,
525.000000000061,79.3134800026589,525.000000000061,97.8353628822653,525.000000000061,97.1750681602779,
526.00000000006,79.3184655834554,526.00000000006,97.8216284007097,526.00000000006,97.1622601409166,
527.00000000006,79.3200820669303,527.00000000006,97.8153859259192,527.00000000006,97.1557716997233,
528.000000000059,79.3142519855323,528.000000000059,97.8230448397546,528.000000000059,97.1592262416487,
529.000000000058,79.3180922224007,529.000000000058,97.8235168402428,529.000000000058,97.1511154415532,
530.000000000057,79.3180954086091,530.000000000057,97.8204999203091,530.000000000057,97.1449123276236,
531.000000000056,79.3181616620757,531.000000000056,97.8201113480762,531.000000000056,97.144546444902,
532.000000000055,79.3211274170395,532.000000000055,97.8174669127226,532.000000000055,97.1392318772187,
533.000000000054,79.3264497705598,533.000000000054,97.8135365953341,533.000000000054,97.1271317490673,
534.000000000053,79.3268394956016,534.000000000053,97.823308262441,534.000000000053,97.1268783131582,
535.000000000052,79.3253727852836,535.000000000052,97.8163190726984,535.000000000052,97.1329364279435,
536.000000000051,79.327784617255,536.000000000051,97.8183898490592,536.000000000051,97.1332873076708,
537.00000000005,79.3294087382053,537.00000000005,97.8242102406122,537.00000000005,97.1317572948184,
538.00000000005,79.3290534935631,538.00000000005,97.8282812244742,538.00000000005,97.1299147443863,
539.000000000049,79.3342372795644,539.000000000049,97.8292583312161,539.000000000049,97.1220937252707,
540.000000000048,79.3284700995988,540.000000000048,97.8386140479168,540.000000000048,97.129656270847,
541.000000000047,79.327991668688,541.000000000047,97.8424625899868,541.000000000047,97.1378565680819,
542.000000000046,79.3266627334709,542.000000000046,97.8474898968091,542.000000000046,97.1446669597231,
543.000000000045,79.3221774681194,543.000000000045,97.8565767722251,543.000000000045,97.1509382234761,
544.000000000044,79.3228151270073,544.000000000044,97.8624393381817,544.000000000044,97.1615137912807,
545.000000000043,79.3175921850199,545.000000000043,97.8781558436855,545.000000000043,97.1619679603313,
546.000000000042,79.3201873062042,546.000000000042,97.8816079603022,546.000000000042,97.1663906851679,
547.000000000041,79.3163338812136,547.000000000041,97.8894867886567,547.000000000041,97.1774517268069,
548.00000000004,79.3042526647198,548.00000000004,97.9076743555686,548.00000000004,97.1912935961895,
549.00000000004,79.3094015193547,549.00000000004,97.9169551702392,549.00000000004,97.1929892501848,
550.000000000039,79.32904967896,550.000000000039,97.9268241994906,550.000000000039,97.2003066862061,
551.000000000038,79.3353193203657,551.000000000038,97.9355511655997,551.000000000038,97.2123521840975,
552.000000000037,79.3348967589743,552.000000000037,97.9461017567881,552.000000000037,97.2227422792667,
553.000000000036,79.3334065225724,553.000000000036,97.9601860367059,553.000000000036,97.2298764476794,
554.000000000035,79.3303979442974,554.000000000035,97.9769606416903,554.000000000035,97.241495629107,
555.000000000034,79.3236649837544,555.000000000034,97.9837109012506,555.000000000034,97.2490916838246,
556.000000000033,79.3238747108988,556.000000000033,97.9955755507787,556.000000000033,97.259742556046,
557.000000000032,79.3218456679218,557.000000000032,98.0126548279177,557.000000000032,97.2758063840442,
558.000000000031,79.313940440964,558.000000000031,98.0336761221663,558.000000000031,97.2969744823258,
559.00000000003,79.3081092655824,559.00000000003,98.0568065330588,559.00000000003,97.3190499305107,
560.00000000003,79.3068663709217,560.00000000003,98.0620325481124,560.00000000003,97.3245577837287,
561.000000000029,79.3055000042237,561.000000000029,98.0784993828898,561.000000000029,97.3392122096896,
562.000000000028,79.3032374947082,562.000000000028,98.0964144239539,562.000000000028,97.3541941235601,
563.000000000027,79.3013200097963,563.000000000027,98.11242892399,563.000000000027,97.3661025545132,
564.000000000026,79.3041898675903,564.000000000026,98.1379580906594,564.000000000026,97.383986765099,
565.000000000025,79.302645027558,565.000000000025,98.1526885539117,565.000000000025,97.3949800652231,
566.000000000024,79.3020188416047,566.000000000024,98.1668363063191,566.000000000024,97.4075908104591,
567.000000000023,79.2995097420994,567.000000000023,98.1851803215418,567.000000000023,97.4249637494869,
568.000000000022,79.2956320943317,568.000000000022,98.206208094836,568.000000000022,97.4451953390857,
569.000000000021,79.2971201718726,569.000000000021,98.2183893474528,569.000000000021,97.4584682305749,
570.00000000002,79.2860379264838,570.00000000002,98.2451205589156,570.00000000002,97.4789203709912,
571.00000000002,79.2864928458685,571.00000000002,98.2625411101438,571.00000000002,97.4947320952394,
572.000000000019,79.2835793665504,572.000000000019,98.2816879348378,572.000000000019,97.5138877865182,
573.000000000018,79.2733714398871,573.000000000018,98.3053468271526,573.000000000018,97.5382231674797,
574.000000000017,79.2721666044441,574.000000000017,98.3206008345987,574.000000000017,97.5584775568807,
575.000000000016,79.268394818595,575.000000000016,98.3409346571058,575.000000000016,97.5696912913637,
576.000000000015,79.2668837775855,576.000000000015,98.3597235182307,576.000000000015,97.5899869373729,
577.000000000014,79.2638217431387,577.000000000014,98.3776651352499,577.000000000014,97.6113495384858,
578.000000000013,79.2588718964626,578.000000000013,98.3944054405159,578.000000000013,97.6288568924979,
579.000000000012,79.2576432714476,579.000000000012,98.4073506626638,579.000000000012,97.6438408268876,
580.000000000011,79.2404269154476,580.000000000011,98.4414818352201,580.000000000011,97.6756070571393,
581.00000000001,79.2348275908396,581.00000000001,98.4673521316275,581.00000000001,97.693551568547,
582.00000000001,79.2309817178914,582.00000000001,98.4809922116289,582.00000000001,97.7083059452192,
583.000000000009,79.2245504129381,583.000000000009,98.4899690397988,583.000000000009,97.7271265479445,
584.000000000008,79.2215379660161,584.000000000008,98.5178764757629,584.000000000008,97.7501477657705,
585.000000000007,79.2140961490973,585.000000000007,98.5318630145751,585.000000000007,97.7674255509656,
586.000000000006,79.2077872005158,586.000000000006,98.5585878285851,586.000000000006,97.784639303151,
587.000000000005,79.2005891617448,587.000000000005,98.5812750534028,587.000000000005,97.803592161959,
588.000000000004,79.1923241936392,588.000000000004,98.596763018536,588.000000000004,97.8255690090848,
589.000000000003,79.1858608868514,589.000000000003,98.6237325327839,589.000000000003,97.8514844373111,
590.000000000002,79.1772265569881,590.000000000002,98.6405843874103,590.000000000002,97.8682100918114,
591.000000000001,79.1715527831126,591.000000000001,98.6636798650602,591.000000000001,97.8919524534166,
592,79.1627487049562,592,98.688405601731,592,97.9161616098191,
593,79.1513503076763,593,98.7110805936405,593,97.9372564425554,
593.999999999999,79.1476726067902,593.999999999999,98.7301270105059,593.999999999999,97.9566748176631,
594.999999999998,79.1394254428783,594.999999999998,98.7527420055632,594.999999999998,97.9783284700495,
595.999999999997,79.1370599275507,595.999999999997,98.7712521863461,595.999999999997,97.9983306462838,
596.999999999996,79.132769899214,596.999999999996,98.7945168416326,596.999999999996,98.0189103558882,
597.999999999995,79.125695573913,597.999999999995,98.8216809825929,597.999999999995,98.039022128227,
598.999999999994,79.1250294053803,598.999999999994,98.8381478037226,598.999999999994,98.0528780187388,
599.999999999993,79.117415148826,599.999999999993,98.857068598833,599.999999999993,98.0771317273991,
600.999999999992,79.1104726105633,600.999999999992,98.881516150109,600.999999999992,98.1011454377437,
601.999999999991,79.1026058434448,601.999999999991,98.9021404660993,601.999999999991,98.1229246271181,
602.99999999999,79.0948342937456,602.99999999999,98.9172980396938,602.99999999999,98.1418720091509,
603.99999999999,79.0919429943476,603.99999999999,98.9356504153197,603.99999999999,98.1588165705396,
604.999999999989,79.0802924340275,604.999999999989,98.9584220287325,604.999999999989,98.1812785311094,
605.999999999988,79.0761701519405,605.999999999988,98.9748368314988,605.999999999988,98.1979430414418,
606.999999999987,79.0701247903388,606.999999999987,98.9958662159593,606.999999999987,98.2169348180945,
607.999999999986,79.0589794834831,607.999999999986,99.0222190276407,607.999999999986,98.2401743872576,
608.999999999985,79.0480115940519,608.999999999985,99.0411522228507,608.999999999985,98.2613394751745,
609.999999999984,79.0378347827727,609.999999999984,99.0634486529571,609.999999999984,98.2805781468975,
610.999999999983,79.0298868227258,610.999999999983,99.0781219078582,610.999999999983,98.2984561755567,
611.999999999982,79.0210584751831,611.999999999982,99.0899413783224,611.999999999982,98.3119795448323,
612.999999999981,79.0104756411382,612.999999999981,99.10357909745,612.999999999981,98.3251341633701,
613.99999999998,79.0000358480889,613.99999999998,99.1233597509323,613.99999999998,98.3505909856938,
614.99999999998,78.9855666695355,614.99999999998,99.1393682622439,614.99999999998,98.3705744992287,
615.999999999979,78.9776208133546,615.999999999979,99.1575907568641,615.999999999979,98.3863508303748,
616.999999999978,78.9673263329167,616.999999999978,99.1742108825579,616.999999999978,98.4009685034395,
617.999999999977,78.9538726264479,617.999999999977,99.1884596672566,617.999999999977,98.4156768597326,
618.999999999976,78.9462187123138,618.999999999976,99.2032697028472,618.999999999976,98.4295909078596,
619.999999999975,78.931074173171,619.999999999975,99.2183079579507,619.999999999975,98.4432623078252,
620.999999999974,78.9162636900201,620.999999999974,99.2362256590088,620.999999999974,98.4629079307924,
621.999999999973,78.9019973734101,621.999999999973,99.2481059683961,621.999999999973,98.4832022381694,
622.999999999972,78.8887363947889,622.999999999972,99.2579417632274,622.999999999972,98.5003402383027,
623.999999999971,78.8773545345532,623.999999999971,99.2846379803871,623.999999999971,98.5123215248001,
624.99999999997,78.8650813575919,624.99999999997,99.2945600881123,624.99999999997,98.5261060224148,
625.99999999997,78.8557985402297,625.99999999997,99.3024178511788,625.99999999997,98.5382271023238,
626.999999999969,78.8423413083273,626.999999999969,99.3157434095033,626.999999999969,98.551037214208,
627.999999999968,78.8253366193884,627.999999999968,99.3331573613559,627.999999999968,98.5662444447684,
628.999999999967,78.8140581069918,628.999999999967,99.343584949415,628.999999999967,98.5848245217105,
629.999999999966,78.800096501797,629.999999999966,99.3487112268577,629.999999999966,98.5909913786164,
630.999999999965,78.7900920040773,630.999999999965,99.3613411522915,630.999999999965,98.6045333229995,
631.999999999964,78.7780230879852,631.999999999964,99.3736417970329,631.999999999964,98.6147850560527,
632.999999999963,78.7648083828982,632.999999999963,99.3806207963352,632.999999999963,98.6207591966631,
633.999999999962,78.7588091048015,633.999999999962,99.3804249838245,633.999999999962,98.6319219837242,
634.999999999961,78.7307526652799,634.999999999961,99.4100219798937,634.999999999961,98.6503473149992,
635.99999999996,78.7185280452543,635.99999999996,99.4187231908869,635.99999999996,98.660499079796,
636.99999999996,78.7054009997386,636.99999999996,99.4246231088851,636.99999999996,98.6701559523725,
637.999999999959,78.6868523426064,637.999999999959,99.43391104219,637.999999999959,98.6816398610911,
638.999999999958,78.6710601349424,638.999999999958,99.4403314145461,638.999999999958,98.6915995323889,
639.999999999957,78.6499676908989,639.999999999957,99.4526630874826,639.999999999957,98.7029060441218,
640.999999999956,78.6338784636666,640.999999999956,99.4557158968389,640.999999999956,98.7081960357434,
641.999999999955,78.6116890303678,641.999999999955,99.4647434756358,641.999999999955,98.7192343513245,
642.999999999954,78.58447383429,642.999999999954,99.4791029343616,642.999999999954,98.7338404485034,
643.999999999953,78.5674501354159,643.999999999953,99.4797661633453,643.999999999953,98.7334009995337,
644.999999999952,78.540335861452,644.999999999952,99.4810788797435,644.999999999952,98.7393001452566,
645.999999999951,78.5155110796051,645.999999999951,99.4866319627389,645.999999999951,98.7495414488297,
646.99999999995,78.4890981642996,646.99999999995,99.4915339586066,646.99999999995,98.7572731596402,
647.99999999995,78.4590151257565,647.99999999995,99.4952055703054,647.99999999995,98.7609005114067,
648.999999999949,78.4274785545931,648.999999999949,99.5067348343235,648.999999999949,98.7697205374234,
649.999999999948,78.3952227979149,649.999999999948,99.5004301979458,649.999999999948,98.7690203464058,
650.999999999947,78.3599246530149,650.999999999947,99.5024232598702,650.999999999947,98.774364705793,
651.999999999946,78.3195418389143,651.999999999946,99.5021445257178,651.999999999946,98.7796477373464,
652.999999999945,78.2475118975583,652.999999999945,99.4929639534198,652.999999999945,98.7790813554947,
653.999999999944,78.0112927159011,653.999999999944,99.4968527194667,653.999999999944,98.7755985460487,
654.999999999943,77.7981008097096,654.999999999943,99.4989668884577,654.999999999943,98.7740761504597,
655.999999999942,77.6066260682508,655.999999999942,99.4988125717308,655.999999999942,98.7769145783452,
656.999999999941,77.4297873429834,656.999999999941,99.4966001596662,656.999999999941,98.7784038205067,
657.99999999994,77.2632267166053,657.99999999994,99.493489185525,657.99999999994,98.77362441685,
658.99999999994,77.1363102464845,658.99999999994,99.4947798100293,658.99999999994,98.7749653163908,
659.999999999939,77.0511919936184,659.999999999939,99.4832913925848,659.999999999939,98.772203960001,
660.999999999938,77.0147020869889,660.999999999938,99.4787378412507,660.999999999938,98.7696392916843,
661.999999999937,77.0264684233317,661.999999999937,99.477197948139,661.999999999937,98.7684983349936,
662.999999999936,77.0825200434665,662.999999999936,99.4712650300874,662.999999999936,98.7692140826422,
663.999999999935,77.1889388666163,663.999999999935,99.4734168780115,663.999999999935,98.772672726192,
664.999999999934,77.3255926280123,664.999999999934,99.4684774550556,664.999999999934,98.7672288024207,
665.999999999933,77.4831458692345,665.999999999933,99.4631949623593,665.999999999933,98.7608192891594,
666.999999999932,77.6488491045284,666.999999999932,99.4600536911174,666.999999999932,98.7577534622044,
667.999999999931,77.8093413929147,667.999999999931,99.4598135462196,667.999999999931,98.7606396608369,
668.99999999993,77.9610339363446,668.99999999993,99.4596850185474,668.99999999993,98.767550961576,
669.99999999993,78.1076919560776,669.99999999993,99.444084620611,669.99999999993,98.7542651175556,
670.999999999929,78.2336089787059,670.999999999929,99.4362184343379,670.999999999929,98.745028827215,
671.999999999928,78.3396755789907,671.999999999928,99.433084078658,671.999999999928,98.7394173308129,
672.999999999927,78.4316153879948,672.999999999927,99.4253819820651,672.999999999927,98.7321683921056,
673.999999999926,78.5046656845362,673.999999999926,99.4176395406392,673.999999999926,98.7382622705658,
674.999999999925,78.5674718511154,674.999999999925,99.4101568295076,674.999999999925,98.7281399743524,
675.999999999924,78.623878732464,675.999999999924,99.3950488229589,675.999999999924,98.7168603781167,
676.999999999923,78.6716176235783,676.999999999923,99.3759291526175,676.999999999923,98.7037014533874,
677.999999999922,78.7069976089474,677.999999999922,99.3609695095462,677.999999999922,98.6860181549464,
678.999999999921,78.7260991414606,678.999999999921,99.3633415209392,678.999999999921,98.684569595819,
679.99999999992,78.7466238719203,679.99999999992,99.3378579443503,679.99999999992,98.6742994457095,
680.99999999992,78.7630450181259,680.99999999992,99.3225368284423,680.99999999992,98.6624404845339,
681.999999999919,78.7732457602118,681.999999999919,99.3150057861303,681.999999999919,98.6504934259318,
682.999999999918,78.7777558172513,682.999999999918,99.3006203360928,682.999999999918,98.6374019982043,
683.999999999917,78.7877952160437,683.999999999917,99.279382037747,683.999999999917,98.6156075429092,
684.999999999916,78.7858551541924,684.999999999916,99.2655042869146,684.999999999916,98.6059063339542,
685.999999999915,78.7845200120089,685.999999999915,99.2486722663845,685.999999999915,98.594075882474,
686.999999999914,78.7824401832964,686.999999999914,99.2302926277153,686.999999999914,98.579609826262,
687.999999999913,78.7750042050133,687.999999999913,99.2147164558846,687.999999999913,98.565673893459,
688.999999999912,78.7715800576109,688.999999999912,99.1949851488441,688.999999999912,98.5446774976748,
689.999999999911,78.7641527022633,689.999999999911,99.1701098358744,689.999999999911,98.5209736597241,
690.99999999991,78.7574303682798,690.99999999991,99.1500238547092,690.99999999991,98.5011686680075,
691.99999999991,78.7504896594467,691.99999999991,99.1299480834484,691.99999999991,98.4823240348713,
692.999999999909,78.7412558962286,692.999999999909,99.1022537702294,692.999999999909,98.4600144386661,
693.999999999908,78.7343975202967,693.999999999908,99.0794349197449,693.999999999908,98.4463704949261,
694.999999999907,78.722248105295,694.999999999907,99.0601898466887,694.999999999907,98.4205433917471,
695.999999999906,78.710247855425,695.999999999906,99.0430345236919,695.999999999906,98.4008271986357,
696.999999999905,78.6981215849222,696.999999999905,99.0228560134876,696.999999999905,98.3857333879552,
697.999999999904,78.6841608083414,697.999999999904,98.9962693742335,697.999999999904,98.3681134947433,
698.999999999903,78.6705104576207,698.999999999903,98.9842610272324,698.999999999903,98.3511119895014,
699.999999999902,78.6609807808421,699.999999999902,98.9497311239299,699.999999999902,98.3205143432527,
700.999999999901,78.6508561589196,700.999999999901,98.9212201481984,700.999999999901,98.2949912523668,
701.9999999999,78.6375162952592,701.9999999999,98.8963607816629,701.9999999999,98.2732482804218,
702.9999999999,78.6199735661338,702.9999999999,98.8652358181694,702.9999999999,98.2484598903718,
703.999999999899,78.6040623651808,703.999999999899,98.8406713724739,703.999999999899,98.2238942611619,
704.999999999898,78.5892845292643,704.999999999898,98.8098575389047,704.999999999898,98.1956416197252,
705.999999999897,78.5745170853425,705.999999999897,98.783579594218,705.999999999897,98.1693687299362,
706.999999999896,78.5593440419179,706.999999999896,98.7551572013233,706.999999999896,98.1454818060993,
707.999999999895,78.5431858912874,707.999999999895,98.7170760039244,707.999999999895,98.12177438419,
708.999999999894,78.5223296616298,708.999999999894,98.6994862235088,708.999999999894,98.0897064451062,
709.999999999893,78.5019525471726,709.999999999893,98.6645536350844,709.999999999893,98.0621029779202,
710.999999999892,78.4857053533758,710.999999999892,98.6296064910113,710.999999999892,98.0354197312419,
711.999999999891,78.469723946872,711.999999999891,98.5966647019695,711.999999999891,98.0064923650977,
712.99999999989,78.4491287151656,712.99999999989,98.5634338798419,712.99999999989,97.9729559020814,
713.99999999989,78.4301397232762,713.99999999989,98.5311059687541,713.99999999989,97.9373596556924,
714.999999999889,78.4038454453261,714.999999999889,98.5017855500342,714.999999999889,97.9110316521522,
715.999999999888,78.3844412300056,715.999999999888,98.4660561153096,715.999999999888,97.8815054561157,
716.999999999887,78.3679193031713,716.999999999887,98.4286464973404,716.999999999887,97.8475778205497,
717.999999999886,78.3462343630419,717.999999999886,98.3962994807777,717.999999999886,97.8119271940754,
718.999999999885,78.3246567635999,718.999999999885,98.3569281504913,718.999999999885,97.7789834297301,
719.999999999884,78.3039724915478,719.999999999884,98.3128942494734,719.999999999884,97.7435785166798,
720.999999999883,78.2823374175417,720.999999999883,98.2819443122637,720.999999999883,97.7103647391888,
721.999999999882,78.2611032081217,721.999999999882,98.2506790299299,721.999999999882,97.6768272148436,
722.999999999881,78.2418667846113,722.999999999881,98.2031063367787,722.999999999881,97.6391728375896,
723.99999999988,78.2210616833453,723.99999999988,98.1737553268684,723.99999999988,97.6000824241461,
724.999999999879,78.1978365271883,724.999999999879,98.1320709436882,724.999999999879,97.563898130502,
725.999999999879,78.1792971833628,725.999999999879,98.0881657493859,725.999999999879,97.5259617761727,
726.999999999878,78.1580115956479,726.999999999878,98.0489838323733,726.999999999878,97.4921103585453,
727.999999999877,78.1273229900408,727.999999999877,98.0168215656924,727.999999999877,97.4668067118642,
728.999999999876,78.1158344485337,728.999999999876,97.968256000266,728.999999999876,97.4241391692957,
729.999999999875,78.0947314317003,729.999999999875,97.9266741880114,729.999999999875,97.3816788595206,
730.999999999874,78.0714985451923,730.999999999874,97.891751516951,730.999999999874,97.3432136142742,
731.999999999873,78.0479375949161,731.999999999873,97.8582342671062,731.999999999873,97.3075593388351,
732.999999999872,78.024163049811,732.999999999872,97.8195381619339,732.999999999872,97.2719214251916,
733.999999999871,77.9991302104919,733.999999999871,97.77115088438,733.999999999871,97.2335949000457,
734.99999999987,77.9776927150386,734.99999999987,97.7263826253077,734.99999999987,97.1914925379993,
735.999999999869,77.956734203595,735.999999999869,97.6802503231425,735.999999999869,97.1478613374085,
736.999999999869,77.933280863464,736.999999999869,97.6370891355152,736.999999999869,97.1035547068071,
737.999999999868,77.9061390801311,737.999999999868,97.6001839349227,737.999999999868,97.0591794815467,
738.999999999867,77.8851567065939,738.999999999867,97.5493241267505,738.999999999867,97.0157750007732,
739.999999999866,77.8535896959647,739.999999999866,97.503847551051,739.999999999866,96.9786179224846,
740.999999999865,77.827383798948,740.999999999865,97.4584346594642,740.999999999865,96.931971798205,
741.999999999864,77.8039392930484,741.999999999864,97.4088378940377,741.999999999864,96.8812176744232,
742.999999999863,77.7773053532533,742.999999999863,97.3542388071573,742.999999999863,96.8353985427287,
743.999999999862,77.7536422550621,743.999999999862,97.3133358324334,743.999999999862,96.7879018672988,
744.999999999861,77.7206522511905,744.999999999861,97.2660635412803,744.999999999861,96.7472606444637,
745.99999999986,77.6910055569565,745.99999999986,97.2170614007975,745.99999999986,96.7036689742303,
746.999999999859,77.6627131718624,746.999999999859,97.1674920971173,746.999999999859,96.6585966575451,
747.999999999859,77.6313553565666,747.999999999859,97.1182935727159,747.999999999859,96.6154120924337,
748.999999999858,77.6022974619031,748.999999999858,97.0743715737128,748.999999999858,96.5699735741515,
749.999999999857,77.5612936376138,749.999999999857,97.0223365338086,749.999999999857,96.5206321206592,
750.999999999856,77.5234011450838,750.999999999856,96.974505836124,750.999999999856,96.475082198588,
751.999999999855,77.4900964743958,751.999999999855,96.926441860857,751.999999999855,96.4293189907874,
752.999999999854,77.4593110105363,752.999999999854,96.8716639086442,752.999999999854,96.3774532142263,
753.999999999853,77.4302583195297,753.999999999853,96.8184346261851,753.999999999853,96.321089881906,
754.999999999852,77.3974587773604,754.999999999852,96.7712286676618,754.999999999852,96.2783053771158,
755.999999999851,77.364403238795,755.999999999851,96.7229169158644,755.999999999851,96.2331511733218,
756.99999999985,77.3321908251978,756.99999999985,96.6692739015732,756.99999999985,96.1831137781599,
757.999999999849,77.3016779982567,757.999999999849,96.6099697223983,757.999999999849,96.1298335945492,
758.999999999849,77.2762668679378,758.999999999849,96.5630071863721,758.999999999849,96.0777857997544,
759.999999999848,77.2401426792707,759.999999999848,96.5113353414773,759.999999999848,96.0289255558087,
760.999999999847,77.2036165689028,760.999999999847,96.4634348302009,760.999999999847,95.9821708492004,
761.999999999846,77.1704565641233,761.999999999846,96.4123453438703,761.999999999846,95.9338278339376,
762.999999999845,77.141430468641,762.999999999845,96.3518115098739,762.999999999845,95.8810203986022,
763.999999999844,77.1097920299116,763.999999999844,96.3047215572554,763.999999999844,95.830138087299,
764.999999999843,77.0795703958393,764.999999999843,96.2525820474839,764.999999999843,95.7742688480747,
765.999999999842,77.0432663136489,765.999999999842,96.2024676963516,765.999999999842,95.7268614690894,
766.999999999841,77.0066531320822,766.999999999841,96.1509722594362,766.999999999841,95.6813413129611,
767.99999999984,76.9759628517898,767.99999999984,96.0943869287555,767.99999999984,95.6283918761616,
768.999999999839,76.9375416774443,768.999999999839,96.0442588533572,768.999999999839,95.5757763606834,
769.999999999839,76.9024474595634,769.999999999839,95.9798037545806,769.999999999839,95.5186176601722,
770.999999999838,76.8673554427188,770.999999999838,95.9222063092396,770.999999999838,95.4629404417046,
771.999999999837,76.8310978105545,771.999999999837,95.8704593966108,771.999999999837,95.4096372107827,
772.999999999836,76.7938292202358,772.999999999836,95.8175856480184,772.999999999836,95.3572664586116,
773.999999999835,76.760287385881,773.999999999835,95.7578643280847,773.999999999835,95.2988163927364,
774.999999999834,76.7233568507898,774.999999999834,95.6962960575193,774.999999999834,95.2376204606177,
775.999999999833,76.6846611187394,775.999999999833,95.635486619627,775.999999999833,95.1817495045104,
776.999999999832,76.6443022876807,776.999999999832,95.5778412763809,776.999999999832,95.1288219717731,
777.999999999831,76.603030200487,777.999999999831,95.5229754632469,777.999999999831,95.0739122023604,
778.99999999983,76.5675710159022,778.99999999983,95.4538940261219,778.99999999983,95.0147717083236,
779.999999999829,76.5258469180718,779.999999999829,95.4030122162384,779.999999999829,94.9588334059296,
780.999999999829,76.4862324785274,780.999999999829,95.3492592599904,780.999999999829,94.9035759686118,
781.999999999828,76.4481506748234,781.999999999828,95.2899104614622,781.999999999828,94.8464619239118,
782.999999999827,76.4093722816053,782.999999999827,95.2276680162392,782.999999999827,94.7866637816228,
783.999999999826,76.3727087840568,783.999999999826,95.1675560720351,783.999999999826,94.733959745446,
784.999999999825,76.3312616861637,784.999999999825,95.1092625183395,784.999999999825,94.6763479144225,
785.999999999824,76.2899529816862,785.999999999824,95.0556800211371,785.999999999824,94.6227184860164,
786.999999999823,76.2490411773812,786.999999999823,95.0014429714982,786.999999999823,94.5670526400817,
787.999999999822,76.208301472945,787.999999999822,94.9404313872869,787.999999999822,94.5043615329649,
788.999999999821,76.1723081387565,788.999999999821,94.8759569586773,788.999999999821,94.4611588891637,
789.99999999982,76.1346298394136,789.99999999982,94.8080307291421,789.99999999982,94.3934779278479,
790.999999999819,76.0960032693214,790.999999999819,94.7501612643629,790.999999999819,94.3328126661427,
791.999999999819,76.0566696832047,791.999999999819,94.6965735728338,791.999999999819,94.2787670787016,
792.999999999818,76.0174346935663,792.999999999818,94.6384106895357,792.999999999818,94.2227942655419,
793.999999999817,75.9832215622364,793.999999999817,94.5818328620501,793.999999999817,94.1599888997035,
794.999999999816,75.9471755772299,794.999999999816,94.5201813411772,794.999999999816,94.1048634137729,
795.999999999815,75.9133818174379,795.999999999815,94.4582987622092,795.999999999815,94.0450013760497,
796.999999999814,75.8787796135472,796.999999999814,94.3991959603711,796.999999999814,93.9855672291832,
797.999999999813,75.8406754476859,797.999999999813,94.3433065971075,797.999999999813,93.9333377663495,
798.999999999812,75.8107587548622,798.999999999812,94.2782874727516,798.999999999812,93.8755644242411,
799.999999999811,75.7736620903738,799.999999999811,94.2223596717429,799.999999999811,93.8178689648711,
800.99999999981,75.7397590951681,800.99999999981,94.1624378772866,800.99999999981,93.759192660788,
801.999999999809,75.7060976353688,801.999999999809,94.1022004075572,801.999999999809,93.7010256182451,
802.999999999809,75.6683796265387,802.999999999809,94.0468982216392,802.999999999809,93.6445218822993,
803.999999999808,75.6366476938812,803.999999999808,93.9829564655781,803.999999999808,93.5843054874239,
804.999999999807,75.6072183025604,804.999999999807,93.918762764634,804.999999999807,93.5173426958856,
805.999999999806,75.5756255771818,805.999999999806,93.8559903079373,805.999999999806,93.4559378547727,
806.999999999805,75.5446790386999,806.999999999805,93.7923603796509,806.999999999805,93.3972167772483,
807.999999999804,75.5175039572329,807.999999999804,93.725260315131,807.999999999804,93.3358159837146,
808.999999999803,75.4864071465846,808.999999999803,93.6565571111476,808.999999999803,93.2779886424824,
809.999999999802,75.4561462014569,809.999999999802,93.5999007104948,809.999999999802,93.2182496210904,
810.999999999801,75.431039596625,810.999999999801,93.5400062387657,810.999999999801,93.1562129510031,
811.9999999998,75.405668612939,811.9999999998,93.4778428195919,811.9999999998,93.0936136029576,
812.999999999799,75.3733646600116,812.999999999799,93.4188591799997,812.999999999799,93.032646001817,
813.999999999799,75.3557223342352,813.999999999799,93.3556403196818,813.999999999799,92.9706100572648,
814.999999999798,75.3329000415065,814.999999999798,93.2828492518855,814.999999999798,92.9081697795359,
815.999999999797,75.308469001763,815.999999999797,93.220415821234,815.999999999797,92.8503760144904,
816.999999999796,75.2855257663757,816.999999999796,93.1666504966818,816.999999999796,92.7945644313106,
817.999999999795,75.2669349229822,817.999999999795,93.1087472460781,817.999999999795,92.7340608582186,
818.999999999794,75.2482154598285,818.999999999794,93.0479310784812,818.999999999794,92.670879382208,
819.999999999793,75.2350779321328,819.999999999793,92.9792277849031,819.999999999793,92.6011736330737,
820.999999999792,75.2210370009601,820.999999999792,92.9142028541889,820.999999999792,92.5385716995565,
821.999999999791,75.2061408186872,821.999999999791,92.8539149795735,821.999999999791,92.4817760027769,
822.99999999979,75.195541635967,822.99999999979,92.7912365680381,822.99999999979,92.4175525584429,
823.999999999789,75.1847746268775,823.999999999789,92.7339625290615,823.999999999789,92.3592335677604,
824.999999999789,75.1754739313028,824.999999999789,92.6682297591621,824.999999999789,92.3016290631499,
825.999999999788,75.1683403108495,825.999999999788,92.6069052472013,825.999999999788,92.2447270233918,
826.999999999787,75.1654789589316,826.999999999787,92.549066274634,826.999999999787,92.1844782743359,
827.999999999786,75.1711973096935,827.999999999786,92.4763373366381,827.999999999786,92.1111122361194,
828.999999999785,75.1698448294569,828.999999999785,92.4154238221352,828.999999999785,92.0627189985757,
829.999999999784,75.166488922494,829.999999999784,92.3587682349351,829.999999999784,92.0042667429029,
830.999999999783,75.1685371692438,830.999999999783,92.2994634293983,830.999999999783,91.9419263821639,
831.999999999782,75.1770915148515,831.999999999782,92.2365065265859,831.999999999782,91.8823107897949,
832.999999999781,75.181650736458,832.999999999781,92.1798384796182,832.999999999781,91.8311432288758,
833.99999999978,75.1929314991393,833.99999999978,92.117931607879,833.99999999978,91.7615195107459,
834.999999999779,75.2058961515776,834.999999999779,92.0578453544755,834.999999999779,91.701130970025,
835.999999999779,75.2201886104562,835.999999999779,91.9947827222081,835.999999999779,91.6406860260279,
836.999999999778,75.2360343938027,836.999999999778,91.9265059354601,836.999999999778,91.5740574301166,
837.999999999777,75.2545724091769,837.999999999777,91.8602257261239,837.999999999777,91.5120474136501,
838.999999999776,75.2768299927673,838.999999999776,91.7965993194254,838.999999999776,91.4427773016577,
839.999999999775,75.2949724460132,839.999999999775,91.7378143077937,839.999999999775,91.3871662239849,
840.999999999774,75.3132875894424,840.999999999774,91.6802197501177,840.999999999774,91.335186409408,
841.999999999773,75.3366717520531,841.999999999773,91.6196589000701,841.999999999773,91.2744300235339,
842.999999999772,75.3655786925655,842.999999999772,91.553269820312,842.999999999772,91.2011532345581,
843.999999999771,75.3960404755111,843.999999999771,91.4850888648621,843.999999999771,91.1329968246092,
844.99999999977,75.4276923814312,844.99999999977,91.4212549611771,844.99999999977,91.0710314973013,
845.999999999769,75.4586060863643,845.999999999769,91.3613790484065,845.999999999769,91.012509297478,
846.999999999769,75.4877333652227,846.999999999769,91.3026942002862,846.999999999769,90.9535351408265,
847.999999999768,75.5235310695753,847.999999999768,91.237416623577,847.999999999768,90.8903264369812,
848.999999999767,75.563510071079,848.999999999767,91.1664889840641,848.999999999767,90.827073807372,
849.999999999766,75.602493804145,849.999999999766,91.1040009798276,849.999999999766,90.7677228433763,
850.999999999765,75.6406928417484,850.999999999765,91.046142108816,850.999999999765,90.7089089671233,
851.999999999764,75.6803709415216,851.999999999764,90.9831643616387,851.999999999764,90.6450895387259,
852.999999999763,75.7251349656576,852.999999999763,90.9179544570205,852.999999999763,90.5800154637458,
853.999999999762,75.7690179754727,853.999999999762,90.8612690401735,853.999999999762,90.5229787113316,
854.999999999761,75.8152881968319,854.999999999761,90.800259575815,854.999999999761,90.4632079950274,
855.99999999976,75.8646950980193,855.99999999976,90.7347974819733,855.99999999976,90.4010586857857,
856.999999999759,75.9164637140314,856.999999999759,90.6715093036201,856.999999999759,90.34246805961,
857.999999999759,75.9671346308072,857.999999999759,90.6058785260899,857.999999999759,90.2738290512203,
858.999999999758,76.018269859033,858.999999999758,90.5448674804737,858.999999999758,90.213728687154,
859.999999999757,76.0732135893117,859.999999999757,90.4851174248156,859.999999999757,90.1522772300943,
860.999999999756,76.1304166066288,860.999999999756,90.4249082188362,860.999999999756,90.0887145992193,
861.999999999755,76.1839838073214,861.999999999755,90.3636828975036,861.999999999755,90.0298701764774,
862.999999999754,76.2408394967591,862.999999999754,90.3055156776417,862.999999999754,89.9796941571671,
863.999999999753,76.2998930954749,863.999999999753,90.2471828846475,863.999999999753,89.9209694099845,
864.999999999752,76.358671636885,864.999999999752,90.1891824211127,864.999999999752,89.8611304783912,
865.999999999751,76.4170975706917,865.999999999751,90.1300527773077,865.999999999751,89.8027553627882,
866.99999999975,76.478322926211,866.99999999975,90.065426683035,866.99999999975,89.7420714840133,
867.999999999749,76.5440190062183,867.999999999749,90.008765597099,867.999999999749,89.6819227936922,
868.999999999749,76.6078390583163,868.999999999749,89.9492658451216,868.999999999749,89.6222401678477,
869.999999999748,76.6712084841318,869.999999999748,89.8903090338002,869.999999999748,89.5648476706612,
870.999999999747,76.7374436357228,870.999999999747,89.8310273489722,870.999999999747,89.5077239467238,
871.999999999746,76.8138538626556,871.999999999746,89.7603407816107,871.999999999746,89.4404825254343,
872.999999999745,76.8741003594318,872.999999999745,89.7049591769007,872.999999999745,89.3855840706112,
873.999999999744,76.9430058900249,873.999999999744,89.6417115015069,873.999999999744,89.324350680317,
874.999999999743,77.0149546583466,874.999999999743,89.5751142954698,874.999999999743,89.2587346721424,
875.999999999742,77.0842783305326,875.999999999742,89.5112738344719,875.999999999742,89.1930196121938,
876.999999999741,77.1530516909996,876.999999999741,89.4543154976618,876.999999999741,89.1332538712421,
877.99999999974,77.2226659166341,877.99999999974,89.3930077867432,877.99999999974,89.0704263350742,
878.999999999739,77.2935989825837,878.999999999739,89.3273333169285,878.999999999739,89.0094020377151,
879.999999999739,77.3639293631565,879.999999999739,89.2642148093796,879.999999999739,88.9489941172277,
880.999999999738,77.432063170798,880.999999999738,89.2081909420306,880.999999999738,88.8882409792983,
881.999999999737,77.4995712516459,881.999999999737,89.1475689513804,881.999999999737,88.8320554792746,
882.999999999736,77.5680588103041,882.999999999736,89.0880959309262,882.999999999736,88.7720836250584,
883.999999999735,77.6377926397093,883.999999999735,89.0285320888547,883.999999999735,88.715262363791,
884.999999999734,77.7072537337121,884.999999999734,88.9688744536626,884.999999999734,88.6577003447739,
885.999999999733,77.7754211686727,885.999999999733,88.9088008236092,885.999999999733,88.5943137921142,
886.999999999732,77.849271872893,886.999999999732,88.842876585725,886.999999999732,88.5324821163621,
887.999999999731,77.9169284684663,887.999999999731,88.7898541154497,887.999999999731,88.4770717991331,
888.99999999973,77.9837505025646,888.99999999973,88.7354603057872,888.99999999973,88.4224082607419,
889.999999999729,78.0515042046996,889.999999999729,88.6754062541759,889.999999999729,88.36501206335,
890.999999999729,78.1203461120361,890.999999999729,88.6102952814103,890.999999999729,88.3032066134178,
891.999999999728,78.1849896262205,891.999999999728,88.5583002243885,891.999999999728,88.251964616061,
892.999999999727,78.2552969837407,892.999999999727,88.4984187043231,892.999999999727,88.1895824177892,
893.999999999726,78.3242305101161,893.999999999726,88.4425949746411,893.999999999726,88.1329836555332,
894.999999999725,78.3909250985065,894.999999999725,88.3907938884253,894.999999999725,88.0822085569955,
895.999999999724,78.4580102651335,895.999999999724,88.3359882244928,895.999999999724,88.0275145529136,
896.999999999723,78.5252307940227,896.999999999723,88.2761522734449,896.999999999723,87.9689831836777,
897.999999999722,78.5920798710344,897.999999999722,88.2197729378785,897.999999999722,87.9156832899031,
898.999999999721,78.6577988685791,898.999999999721,88.1645401142302,898.999999999721,87.860999749902,
899.99999999972,78.7240315077006,899.99999999972,88.1077929488032,899.99999999972,87.8026155328988,
900.999999999719,78.7947919622433,900.999999999719,88.0462303672913,900.999999999719,87.7418395075363,
901.999999999719,78.8624698985202,901.999999999719,87.9894795772048,901.999999999719,87.6869073888121,
902.999999999718,78.9320392333018,902.999999999718,87.928883774117,902.999999999718,87.6257160623528,
903.999999999717,78.9998642289433,903.999999999717,87.8728079835927,903.999999999717,87.569804546698,
904.999999999716,79.064742771797,904.999999999716,87.8215370654302,904.999999999716,87.5199284287758,
905.999999999715,79.128781578353,905.999999999715,87.7637706436818,905.999999999715,87.4613905832504,
906.999999999714,79.196749767511,906.999999999714,87.7029363264635,906.999999999714,87.3957785052615,
907.999999999713,79.2670540442905,907.999999999713,87.6406460274972,907.999999999713,87.3334433566925,
908.999999999712,79.3352409387618,908.999999999712,87.5811635353788,908.999999999712,87.2783193091672,
909.999999999711,79.3979306855171,909.999999999711,87.5261808343215,909.999999999711,87.2294269400767,
910.99999999971,79.4533328360441,910.99999999971,87.4721797849831,910.99999999971,87.1762918183192,
911.999999999709,79.5151529124599,911.999999999709,87.4162070455523,911.999999999709,87.1209286564576,
912.999999999709,79.5768273453122,912.999999999709,87.3617014631245,912.999999999709,87.060929320479,
913.999999999708,79.6364527012827,913.999999999708,87.3066153362754,913.999999999708,87.0025835665705,
914.999999999707,79.6943399930989,914.999999999707,87.248879255878,914.999999999707,86.9490546291426,
915.999999999706,79.7564785363179,915.999999999706,87.1876073867023,915.999999999706,86.8908596488237,
916.999999999705,79.8170291418751,916.999999999705,87.1317701854323,916.999999999705,86.8318188060244,
917.999999999704,79.8773176757492,917.999999999704,87.074161612553,917.999999999704,86.7747163792167,
918.999999999703,79.9343757295697,918.999999999703,87.0178529305202,918.999999999703,86.7211986826844,
919.999999999702,79.9867912058269,919.999999999702,86.9656896371684,919.999999999702,86.6707442965243,
920.999999999701,80.0442895932929,920.999999999701,86.9108291917557,920.999999999701,86.6131415215451,
921.9999999997,80.0980868042781,921.9999999997,86.8637444307826,921.9999999997,86.564023469662,
922.999999999699,80.1518858415395,922.999999999699,86.812434932232,922.999999999699,86.5111094109337,
923.999999999699,80.2074014253088,923.999999999699,86.7567840372056,923.999999999699,86.4561481334325,
924.999999999698,80.2651761950764,924.999999999698,86.6996378523972,924.999999999698,86.4034936709357,
925.999999999697,80.3200619846508,925.999999999697,86.6406593936641,925.999999999697,86.3466919172519,
926.999999999696,80.3686423394323,926.999999999696,86.5915768002698,926.999999999696,86.2909961287069,
927.999999999695,80.4179542569067,927.999999999695,86.5432497895511,927.999999999695,86.24132243942,
928.999999999694,80.4708071554863,928.999999999694,86.4928779964909,928.999999999694,86.1940338983948,
929.999999999693,80.5276642860222,929.999999999693,86.4400824936783,929.999999999693,86.1422994300825,
930.999999999692,80.57725820162,930.999999999692,86.3850254344597,930.999999999692,86.0913782682135,
931.999999999691,80.6239339700364,931.999999999691,86.3292455275617,931.999999999691,86.038962931737,
932.99999999969,80.6747738004544,932.99999999969,86.2785037549985,932.99999999969,85.985853124202,
933.999999999689,80.7247991968875,933.999999999689,86.2303591867774,933.999999999689,85.9330535267627,
934.999999999689,80.7617890655174,934.999999999689,86.1772140762932,934.999999999689,85.8817366882083,
935.999999999688,80.813015585596,935.999999999688,86.12820067514,935.999999999688,85.8294701579814,
936.999999999687,80.866571542268,936.999999999687,86.0717477153685,936.999999999687,85.774142134757,
937.999999999686,80.9154249734644,937.999999999686,86.0185579124233,937.999999999686,85.7231445429554,
938.999999999685,80.9599937671861,938.999999999685,85.968516099295,938.999999999685,85.6758743135767,
939.999999999684,81.0079994413791,939.999999999684,85.9109812323561,939.999999999684,85.6238739657414,
940.999999999683,81.0577613321682,940.999999999683,85.8610163610832,940.999999999683,85.5676081786274,
941.999999999682,81.1064454397876,941.999999999682,85.8110958712677,941.999999999682,85.5176390764208,
942.999999999681,81.155012220248,942.999999999681,85.7592141640405,942.999999999681,85.4678109107577,
943.99999999968,81.2014192081853,943.99999999968,85.7043273733958,943.99999999968,85.4134874855282,
944.999999999679,81.2384957146045,944.999999999679,85.6464063224333,944.999999999679,85.3518633903899,
945.999999999678,81.2764348991841,945.999999999678,85.5921732925022,945.999999999678,85.3003592435491,
946.999999999678,81.3214285032287,946.999999999678,85.5446580746084,946.999999999678,85.2525893837587,
947.999999999677,81.3659229603206,947.999999999677,85.4958259038014,947.999999999677,85.205052471588,
948.999999999676,81.4061160192497,948.999999999676,85.4425854217826,948.999999999676,85.1546468424107,
949.999999999675,81.4478906992591,949.999999999675,85.3940639219198,949.999999999675,85.0981233505851,
950.999999999674,81.4931170698204,950.999999999674,85.3405738898079,950.999999999674,85.046379986258,
951.999999999673,81.5314351968363,951.999999999673,85.2895318669365,951.999999999673,84.9958832137873,
952.999999999672,81.5697060882462,952.999999999672,85.240655150209,952.999999999672,84.9462813558141,
953.999999999671,81.613260188465,953.999999999671,85.1912280949379,953.999999999671,84.8973465433701,
954.99999999967,81.6560956014136,954.99999999967,85.1325445312982,954.99999999967,84.8482510722098,
955.999999999669,81.6929827260534,955.999999999669,85.0882696140262,955.999999999669,84.8009609156854,
956.999999999668,81.7277440603625,956.999999999668,85.0425003344978,956.999999999668,84.7507115970382,
957.999999999668,81.7629243105576,957.999999999668,84.9949671493818,957.999999999668,84.7002604592539,
958.999999999667,81.7998387929533,958.999999999667,84.947615647163,958.999999999667,84.6526274180452,
959.999999999666,81.8339574389935,959.999999999666,84.8990102392855,959.999999999666,84.6046749071686,
960.999999999665,81.8672332000614,960.999999999665,84.8538636809359,960.999999999665,84.5588532321746,
961.999999999664,81.9033578943213,961.999999999664,84.8070429434168,961.999999999664,84.5110707497111,
962.999999999663,81.9404280389859,962.999999999663,84.7593953369773,962.999999999663,84.464414247594,
963.999999999662,81.9755931627104,963.999999999662,84.712773816262,963.999999999662,84.4219832148107,
964.999999999661,82.0133871997084,964.999999999661,84.6618675839647,964.999999999661,84.366858268865,
965.99999999966,82.0470322717914,965.99999999966,84.6157816166347,965.99999999966,84.3255911359485,
966.999999999659,82.0774985410533,966.999999999659,84.5723739404475,966.999999999659,84.2803482262323,
967.999999999658,82.1086722181613,967.999999999658,84.5277432381685,967.999999999658,84.2313153999371,
968.999999999658,82.145263682342,968.999999999658,84.4778339985075,968.999999999658,84.1858816981131,
969.999999999657,82.1773847398436,969.999999999657,84.4359232518727,969.999999999657,84.137591961843,
970.999999999656,82.2137283735351,970.999999999656,84.38113006256,970.999999999656,84.0873966540499,
971.999999999655,82.2458082937391,971.999999999655,84.3321513058801,971.999999999655,84.0421501374604,
972.999999999654,82.2751469486504,972.999999999654,84.2888267414254,972.999999999654,83.9993304582599,
973.999999999653,82.3099028157028,973.999999999653,84.2386562841115,973.999999999653,83.9500280696409,
974.999999999652,82.3401694008108,974.999999999652,84.1916926985977,974.999999999652,83.8993552896655,
975.999999999651,82.3702095024724,975.999999999651,84.1472540741525,975.999999999651,83.8567218196142,
976.99999999965,82.3984702714101,976.99999999965,84.1014298151999,976.99999999965,83.8097384009445,
977.999999999649,82.4259007549985,977.999999999649,84.0547629960855,977.999999999649,83.7582522405363,
978.999999999648,82.456183610289,978.999999999648,84.012517128554,978.999999999648,83.7148485169961,
979.999999999648,82.4782169084412,979.999999999648,83.9667164019979,979.999999999648,83.6717833569326,
980.999999999647,82.5074247350856,980.999999999647,83.9190121677522,980.999999999647,83.6237855253694,
981.999999999646,82.5356502354056,981.999999999646,83.8728411438627,981.999999999646,83.5773875266934,
982.999999999645,82.5602176050823,982.999999999645,83.8295924236427,982.999999999645,83.5342723971809,
983.999999999644,82.5876280723984,983.999999999644,83.7876366733294,983.999999999644,83.4882232918242,
984.999999999643,82.612745780139,984.999999999643,83.740689024779,984.999999999643,83.4449898433127,
985.999999999642,82.6358676560954,985.999999999642,83.6925753703544,985.999999999642,83.4013116488848,
986.999999999641,82.6597242761505,986.999999999641,83.6463390440825,986.999999999641,83.3553132593162,
987.99999999964,82.6849527290965,987.99999999964,83.6032464740407,987.99999999964,83.3080195257745,
988.999999999639,82.7067773241298,988.999999999639,83.5607943686214,988.999999999639,83.2674669604246,
989.999999999638,82.7271683946436,989.999999999638,83.5140793716409,989.999999999638,83.2249107533739,
990.999999999638,82.7468082367427,990.999999999638,83.471501997923,990.999999999638,83.1806357878549,
991.999999999637,82.7678665195995,991.999999999637,83.4302012490091,991.999999999637,83.1372020386788,
992.999999999636,82.7912460003852,992.999999999636,83.3878033549963,992.999999999636,83.0955451073457,
993.999999999635,82.812696037185,993.999999999635,83.3488879819838,993.999999999635,83.0495227892091,
994.999999999634,82.838448737639,994.999999999634,83.306868638824,994.999999999634,83.0106435694451,
995.999999999633,82.8602847564753,995.999999999633,83.2663270783241,995.999999999633,82.9716595183964,
996.999999999632,82.8802480218824,996.999999999632,83.225512721466,996.999999999632,82.9329402950767,
997.999999999631,82.9019526490022,997.999999999631,83.1827998903059,997.999999999631,82.8944163788261,
998.99999999963,82.9260858411996,998.99999999963,83.1447586924476,998.99999999963,82.8444078302681,
999.999999999629,82.942480367425,999.999999999629,83.1017689007739,999.999999999629,82.8074688224457,
1000.99999999963,82.961533974709,1000.99999999963,83.059180753987,1000.99999999963,82.7676007619614,
1001.99999999963,82.9849530545496,1001.99999999963,83.016873626494,1001.99999999963,82.7228673778122,
1002.99999999963,83.0111428389871,1002.99999999963,82.9737972048808,1002.99999999963,82.6763460615143,
1003.99999999963,83.0323989797713,1003.99999999963,82.9363423980683,1003.99999999963,82.6384228234171,
1004.99999999962,83.0478898242107,1004.99999999962,82.8945524655465,1004.99999999962,82.5951913151389,
1005.99999999962,83.0667826854225,1005.99999999962,82.8488825435274,1005.99999999962,82.5508272227226,
1006.99999999962,83.0892142510554,1006.99999999962,82.802706297432,1006.99999999962,82.5083309986654,
1007.99999999962,83.1110707050023,1007.99999999962,82.7610035200817,1007.99999999962,82.4699623905151,
1008.99999999962,83.1295846718327,1008.99999999962,82.7261074693097,1008.99999999962,82.4289850806149,
1009.99999999962,83.1445905205977,1009.99999999962,82.6855964210176,1009.99999999962,82.3926802220111,
1010.99999999962,83.1614068556276,1010.99999999962,82.6430068441204,1010.99999999962,82.3517588755966,
1011.99999999962,83.1783840829129,1011.99999999962,82.601808972332,1011.99999999962,82.3067868032494,
1012.99999999962,83.1890096595741,1012.99999999962,82.565667366254,1012.99999999962,82.2653350636334,
1013.99999999962,83.2140145024504,1013.99999999962,82.5219014274878,1013.99999999962,82.2190061729666,
1014.99999999962,83.230982088419,1014.99999999962,82.4817115692306,1014.99999999962,82.1833300351341,
1015.99999999961,83.2459348133055,1015.99999999961,82.4396663857056,1015.99999999961,82.1438978666174,
1016.99999999961,83.2607383769566,1016.99999999961,82.3969490101898,1016.99999999961,82.1000863101822,
1017.99999999961,83.2728106971374,1017.99999999961,82.3623280314072,1017.99999999961,82.0666296452168,
1018.99999999961,83.288158618566,1018.99999999961,82.3257857008002,1018.99999999961,82.0243759697704,
1019.99999999961,83.2996971383959,1019.99999999961,82.2870375591153,1019.99999999961,81.987836131561,
1020.99999999961,83.315253652809,1020.99999999961,82.245074889606,1020.99999999961,81.9463102211552,
1021.99999999961,83.3357697977415,1021.99999999961,82.2013079681156,1021.99999999961,81.8983135213202,
1022.99999999961,83.349981058085,1022.99999999961,82.1614402935573,1022.99999999961,81.8589317927314,
1023.99999999961,83.3626059829476,1023.99999999961,82.1217806475539,1023.99999999961,81.8233236525124,
1024.99999999961,83.3750266758235,1024.99999999961,82.086412319677,1024.99999999961,81.7881110274909,
1025.99999999961,83.390348749329,1025.99999999961,82.0495244752877,1025.99999999961,81.7493643979196,
1026.9999999996,83.40875094003,1026.9999999996,82.0092562879544,1026.9999999996,81.7073832269057,
1027.9999999996,83.4227154571985,1027.9999999996,81.9755717054969,1027.9999999996,81.6734774539792,
1028.9999999996,83.4350940990589,1028.9999999996,81.9416925975312,1028.9999999996,81.6407748482356,
1029.9999999996,83.4483352652743,1029.9999999996,81.9060411003416,1029.9999999996,81.6047015207747,
1030.9999999996,83.4614319964977,1030.9999999996,81.8701183135799,1030.9999999996,81.5663684217529,
1031.9999999996,83.4740665994153,1031.9999999996,81.8348858490516,1031.9999999996,81.5282473368914,
1032.9999999996,83.490575009818,1032.9999999996,81.7974625738973,1032.9999999996,81.4953346549202,
1033.9999999996,83.5030904438794,1033.9999999996,81.7622612521596,1033.9999999996,81.4610450577033,
1034.9999999996,83.5181736979977,1034.9999999996,81.726518522863,1034.9999999996,81.4257128778244,
1035.9999999996,83.5353052280507,1035.9999999996,81.6892740289981,1035.9999999996,81.3871279172904,
1036.9999999996,83.552517407278,1036.9999999996,81.6501233971143,1036.9999999996,81.3448689961138,
1037.99999999959,83.5685090002873,1037.99999999959,81.6094785628785,1037.99999999959,81.3129839019761,
1038.99999999959,83.5794362215446,1038.99999999959,81.5755894461256,1038.99999999959,81.2733230575979,
1039.99999999959,83.596624140064,1039.99999999959,81.5376489096523,1039.99999999959,81.2345861498906,
1040.99999999959,83.6152263475889,1040.99999999959,81.4997396051244,1040.99999999959,81.1966124524846,
1041.99999999959,83.6264246835246,1041.99999999959,81.4690395701967,1041.99999999959,81.1570151640876,
1042.99999999959,83.6396066350839,1042.99999999959,81.4307986442703,1042.99999999959,81.1206237534908,
1043.99999999959,83.6547145700415,1043.99999999959,81.3929025205192,1043.99999999959,81.0868616626832,
1044.99999999959,83.6696081638046,1044.99999999959,81.3562096645162,1044.99999999959,81.0513564253709,
1045.99999999959,83.6850759326175,1045.99999999959,81.3192579333556,1045.99999999959,81.0126910113983,
1046.99999999959,83.7030598258338,1046.99999999959,81.2796665685202,1046.99999999959,80.9712526619449,
1047.99999999959,83.7173922011861,1047.99999999959,81.2440244501929,1047.99999999959,80.9359332345938,
1048.99999999958,83.7334390897065,1048.99999999958,81.2083892124043,1048.99999999958,80.8939875577061,
1049.99999999958,83.7446998921901,1049.99999999958,81.1739616336894,1049.99999999958,80.8577050933767,
1050.99999999958,83.7506359941096,1050.99999999958,81.1397225519915,1050.99999999958,80.8273293891429,
1051.99999999958,83.7552702398729,1051.99999999958,81.1029051649949,1051.99999999958,80.7939737592997,
1052.99999999958,83.7539424131513,1052.99999999958,81.0742968288741,1052.99999999958,80.7670976478853,
1053.99999999958,83.7626634000454,1053.99999999958,81.0369401418957,1053.99999999958,80.7285659360639,
1054.99999999958,83.7721444110436,1054.99999999958,81.0035270330687,1054.99999999958,80.6905828945454,
1055.99999999958,83.7819820299489,1055.99999999958,80.9746043078967,1055.99999999958,80.6569095386008,
1056.99999999958,83.8025186068002,1056.99999999958,80.9361998933591,1056.99999999958,80.6216554478045,
1057.99999999958,83.8373517658973,1057.99999999958,80.9051701309065,1057.99999999958,80.5963405511783,
1058.99999999958,83.8746458910897,1058.99999999958,80.8737726871762,1058.99999999958,80.5613327808277,
1059.99999999957,83.9013216900527,1059.99999999957,80.8414127621041,1059.99999999957,80.5236756542438,
1060.99999999957,83.9169007080785,1060.99999999957,80.8090959726763,1060.99999999957,80.4903321908859,
1061.99999999957,83.9433638374056,1061.99999999957,80.7805150102775,1061.99999999957,80.4678004018248,
1062.99999999957,83.9666345984163,1062.99999999957,80.750131069178,1062.99999999957,80.4295526072284,
1063.99999999957,83.971521522688,1063.99999999957,80.715978882554,1063.99999999957,80.3950659295311,
1064.99999999957,83.9699466889428,1064.99999999957,80.6802990767265,1064.99999999957,80.3626504057472,
1065.99999999957,83.9670766741726,1065.99999999957,80.6482969403407,1065.99999999957,80.3307249914805,
1066.99999999957,83.9425310702635,1066.99999999957,80.6337826820947,1066.99999999957,80.3027099238271,
1067.99999999957,83.94913793692,1067.99999999957,80.5993682740786,1067.99999999957,80.2809019546656,
1068.99999999957,83.9633544198414,1068.99999999957,80.5635727169151,1068.99999999957,80.2463103540078,
1069.99999999957,83.9713943538692,1069.99999999957,80.5279822068607,1069.99999999957,80.210777966471,
1070.99999999956,83.9677807402115,1070.99999999956,80.4932460422071,1070.99999999956,80.1838140879169,
1071.99999999956,83.9764678485522,1071.99999999956,80.4661505893252,1071.99999999956,80.1464300572865,
1072.99999999956,83.9982897741325,1072.99999999956,80.4375112985938,1072.99999999956,80.1218381857778,
1073.99999999956,84.0183124267161,1073.99999999956,80.4022317547127,1073.99999999956,80.088014921144,
1074.99999999956,84.0309395573803,1074.99999999956,80.3645611311374,1074.99999999956,80.0479983563367,
1075.99999999956,84.0338491690069,1075.99999999956,80.3311219151732,1075.99999999956,80.0106320042841,
1076.99999999956,84.0317513077891,1076.99999999956,80.3093263716318,1076.99999999956,79.9845820663307,
1077.99999999956,84.0422219009871,1077.99999999956,80.2837359117469,1077.99999999956,79.9613064599333,
1078.99999999956,84.0566109469951,1078.99999999956,80.2576716548808,1078.99999999956,79.9284710678567,
1079.99999999956,84.0654223054365,1079.99999999956,80.2281050128214,1079.99999999956,79.8926441714741,
1080.99999999956,84.0613038849671,1080.99999999956,80.191370856267,1080.99999999956,79.8656006448689,
1081.99999999955,84.0732798713289,1081.99999999955,80.1632922208238,1081.99999999955,79.8350573135284,
1082.99999999955,84.098911846544,1082.99999999955,80.1186294963784,1082.99999999955,79.7902904416041,
1083.99999999955,84.1036771631899,1083.99999999955,80.0830498659775,1083.99999999955,79.756270478289,
1084.99999999955,84.1010457181933,1084.99999999955,80.0568307862422,1084.99999999955,79.7316597130501,
1085.99999999955,84.1278170230662,1085.99999999955,80.0274043294573,1085.99999999955,79.7013241414133,
1086.99999999955,84.1108244417651,1086.99999999955,80.0070442993794,1086.99999999955,79.6671218667409,
1087.99999999955,84.1255867874579,1087.99999999955,79.9792186168392,1087.99999999955,79.6456118015058,
1088.99999999955,84.1323789468862,1088.99999999955,79.9449585321452,1088.99999999955,79.6139208941487,
1089.99999999955,84.1288927700915,1089.99999999955,79.9135351191096,1089.99999999955,79.5776679261874,
1090.99999999955,84.1427682550254,1090.99999999955,79.9018588580166,1090.99999999955,79.5660826670716,
1091.99999999955,84.1322802508648,1091.99999999955,79.8642280462466,1091.99999999955,79.5304371208059,
1092.99999999954,84.153937113733,1092.99999999954,79.8291485191219,1092.99999999954,79.4926485746232,
1093.99999999954,84.1656476803644,1093.99999999954,79.8006824564312,1093.99999999954,79.4667793032913,
1094.99999999954,84.1571643481633,1094.99999999954,79.7786381656169,1094.99999999954,79.4481797105254,
1095.99999999954,84.1578483424545,1095.99999999954,79.7576247438161,1095.99999999954,79.4076569568617,
1096.99999999954,84.1835268630394,1096.99999999954,79.7323836753483,1096.99999999954,79.3810723090665,
1097.99999999954,84.1815411275532,1097.99999999954,79.697875225063,1097.99999999954,79.3587153242587,
1098.99999999954,84.1847180004489,1098.99999999954,79.6694648109896,1098.99999999954,79.3369194424538,
1100,84.18353202112,1100,79.6391085847368,1100,79.3068946740881,
,,,,,,
